Name,Wikipedia_Link,wikidata_qid,wikidata_url
Hossein Abdi,https://en.wikipedia.org/wiki/Hossein_Abdi,Q3786860,https://www.wikidata.org/wiki/Q3786860
Nasrollah Abdollahi,https://en.wikipedia.org/wiki/Nasrollah_Abdollahi,Q2478625,https://www.wikidata.org/wiki/Q2478625
Parviz Aboutaleb,https://en.wikipedia.org/wiki/Parviz_Aboutaleb,Q7141353,https://www.wikidata.org/wiki/Q7141353
Human Afazeli,https://en.wikipedia.org/wiki/Human_Afazeli,Q10514520,https://www.wikidata.org/wiki/Q10514520
Markar Aghajanyan,https://en.wikipedia.org/wiki/Markar_Aghajanyan,Q6770564,https://www.wikidata.org/wiki/Q6770564
Mohammad Ahmadzadeh,https://en.wikipedia.org/wiki/Mohammad_Ahmadzadeh,Q6891723,https://www.wikidata.org/wiki/Q6891723
Mohammad Alavi (footballer),https://en.wikipedia.org/wiki/Mohammad_Alavi_%28footballer%29,,
Ahmad Alenemeh,https://en.wikipedia.org/wiki/Ahmad_Alenemeh,Q4695254,https://www.wikidata.org/wiki/Q4695254
Saeed Alhoei,https://en.wikipedia.org/wiki/Saeed_Alhoei,Q123760534,https://www.wikidata.org/wiki/Q123760534
Hamid Alidoosti,https://en.wikipedia.org/wiki/Hamid_Alidoosti,Q339985,https://www.wikidata.org/wiki/Q339985
Mansour Amirasefi,https://en.wikipedia.org/wiki/Mansour_Amirasefi,Q6751835,https://www.wikidata.org/wiki/Q6751835
Mohammad Hassan Ansarifard,https://en.wikipedia.org/wiki/Mohammad_Hassan_Ansarifard,Q6892011,https://www.wikidata.org/wiki/Q6892011
Poya Asbaghi,https://en.wikipedia.org/wiki/Poya_Asbaghi,Q25935708,https://www.wikidata.org/wiki/Q25935708
Fereydoun Asgharzadeh,https://en.wikipedia.org/wiki/Fereydoun_Asgharzadeh,Q96182841,https://www.wikidata.org/wiki/Q96182841
Aziz Asli,https://en.wikipedia.org/wiki/Aziz_Asli,Q4832650,https://www.wikidata.org/wiki/Q4832650
Bahram Atef,https://en.wikipedia.org/wiki/Bahram_Atef,Q4842837,https://www.wikidata.org/wiki/Q4842837
Hassan Azarnia,https://en.wikipedia.org/wiki/Hassan_Azarnia,Q13294031,https://www.wikidata.org/wiki/Q13294031
Bijan Azizi,https://en.wikipedia.org/wiki/Bijan_Azizi,Q33261259,https://www.wikidata.org/wiki/Q33261259
Khodadad Azizi,https://en.wikipedia.org/wiki/Khodadad_Azizi,Q472345,https://www.wikidata.org/wiki/Q472345
Maryam Azmoon,https://en.wikipedia.org/wiki/Maryam_Azmoon,Q64364312,https://www.wikidata.org/wiki/Q64364312
Hamid Babazadeh,https://en.wikipedia.org/wiki/Hamid_Babazadeh,Q3782851,https://www.wikidata.org/wiki/Q3782851
Karim Bagheri,https://en.wikipedia.org/wiki/Karim_Bagheri,Q466108,https://www.wikidata.org/wiki/Q466108
Majid Bagherinia,https://en.wikipedia.org/wiki/Majid_Bagherinia,Q24572265,https://www.wikidata.org/wiki/Q24572265
Siavash Bakhtiarizadeh,https://en.wikipedia.org/wiki/Siavash_Bakhtiarizadeh,Q20740597,https://www.wikidata.org/wiki/Q20740597
Sohrab Bakhtiarizadeh,https://en.wikipedia.org/wiki/Sohrab_Bakhtiarizadeh,Q542717,https://www.wikidata.org/wiki/Q542717
Hadi Bargizar,https://en.wikipedia.org/wiki/Hadi_Bargizar,Q5637817,https://www.wikidata.org/wiki/Q5637817
Abdolreza Barzegari,https://en.wikipedia.org/wiki/Abdolreza_Barzegari,Q5843446,https://www.wikidata.org/wiki/Q5843446
Mahmoud Bayati,https://en.wikipedia.org/wiki/Mahmoud_Bayati,Q6734323,https://www.wikidata.org/wiki/Q6734323
Mohammad Bayati,https://en.wikipedia.org/wiki/Mohammad_Bayati,Q1655141,https://www.wikidata.org/wiki/Q1655141
Vahid Bayatlou,https://en.wikipedia.org/wiki/Vahid_Bayatlou,Q101246590,https://www.wikidata.org/wiki/Q101246590
Homayoun Behzadi,https://en.wikipedia.org/wiki/Homayoun_Behzadi,Q3043530,https://www.wikidata.org/wiki/Q3043530
Karim Boostani,https://en.wikipedia.org/wiki/Karim_Boostani,Q51078366,https://www.wikidata.org/wiki/Q51078366
Abbas Chamanyan,https://en.wikipedia.org/wiki/Abbas_Chamanyan,Q4663738,https://www.wikidata.org/wiki/Q4663738
Hossein Charkhabi,https://en.wikipedia.org/wiki/Hossein_Charkhabi,Q5909001,https://www.wikidata.org/wiki/Q5909001
Jalal Cheraghpour,https://en.wikipedia.org/wiki/Jalal_Cheraghpour,Q6125880,https://www.wikidata.org/wiki/Q6125880
Behzad Dadashzadeh,https://en.wikipedia.org/wiki/Behzad_Dadashzadeh,Q4881017,https://www.wikidata.org/wiki/Q4881017
Ali Daei,https://en.wikipedia.org/wiki/Ali_Daei,Q159622,https://www.wikidata.org/wiki/Q159622
Saeid Daghighi,https://en.wikipedia.org/wiki/Saeid_Daghighi,Q7398277,https://www.wikidata.org/wiki/Q7398277
Ali Danaeifard,https://en.wikipedia.org/wiki/Ali_Danaeifard,Q5961048,https://www.wikidata.org/wiki/Q5961048
Nader Dastneshan,https://en.wikipedia.org/wiki/Nader_Dastneshan,Q6957551,https://www.wikidata.org/wiki/Q6957551
Rahim Dastneshan,https://en.wikipedia.org/wiki/Rahim_Dastneshan,Q66606811,https://www.wikidata.org/wiki/Q66606811
Parviz Dehdari,https://en.wikipedia.org/wiki/Parviz_Dehdari,Q7141357,https://www.wikidata.org/wiki/Q7141357
Hamid Derakhshan,https://en.wikipedia.org/wiki/Hamid_Derakhshan,Q5644585,https://www.wikidata.org/wiki/Q5644585
Sirous Dinmohammadi,https://en.wikipedia.org/wiki/Sirous_Dinmohammadi,Q2629407,https://www.wikidata.org/wiki/Q2629407
Mehdi Dinvarzadeh,https://en.wikipedia.org/wiki/Mehdi_Dinvarzadeh,Q2158146,https://www.wikidata.org/wiki/Q2158146
Ali Doustimehr,https://en.wikipedia.org/wiki/Ali_Doustimehr,Q4724764,https://www.wikidata.org/wiki/Q4724764
Morteza Ebrahimi,https://en.wikipedia.org/wiki/Morteza_Ebrahimi,Q10505673,https://www.wikidata.org/wiki/Q10505673
Nasser Ebrahimi,https://en.wikipedia.org/wiki/Nasser_Ebrahimi,Q6967623,https://www.wikidata.org/wiki/Q6967623
Mahmood Ebrahimzadeh,https://en.wikipedia.org/wiki/Mahmood_Ebrahimzadeh,Q1884966,https://www.wikidata.org/wiki/Q1884966
Mansour Ebrahimzadeh,https://en.wikipedia.org/wiki/Mansour_Ebrahimzadeh,Q10424320,https://www.wikidata.org/wiki/Q10424320
Abbas Ekrami,https://en.wikipedia.org/wiki/Abbas_Ekrami,Q4663745,https://www.wikidata.org/wiki/Q4663745
Saket Elhami,https://en.wikipedia.org/wiki/Saket_Elhami,Q80468128,https://www.wikidata.org/wiki/Q80468128
Esmaeil Esmaeili,https://en.wikipedia.org/wiki/Esmaeil_Esmaeili,Q112078634,https://www.wikidata.org/wiki/Q112078634
Hamid Estili,https://en.wikipedia.org/wiki/Hamid_Estili,Q2421398,https://www.wikidata.org/wiki/Q2421398
Farshad Falahatzadeh,https://en.wikipedia.org/wiki/Farshad_Falahatzadeh,Q5436405,https://www.wikidata.org/wiki/Q5436405
Hossein Faraki,https://en.wikipedia.org/wiki/Hossein_Faraki,Q2053485,https://www.wikidata.org/wiki/Q2053485
Navid Faridi,https://en.wikipedia.org/wiki/Navid_Faridi,Q50814297,https://www.wikidata.org/wiki/Q50814297
Nader Faryadshiran,https://en.wikipedia.org/wiki/Nader_Faryadshiran,Q10558491,https://www.wikidata.org/wiki/Q10558491
Vahid Fazeli,https://en.wikipedia.org/wiki/Vahid_Fazeli,Q101246485,https://www.wikidata.org/wiki/Q101246485
Hossein Fekri,https://en.wikipedia.org/wiki/Hossein_Fekri,Q10437928,https://www.wikidata.org/wiki/Q10437928
Ali Firouzi,https://en.wikipedia.org/wiki/Ali_Firouzi,Q4724797,https://www.wikidata.org/wiki/Q4724797
Bahman Foroutan,https://en.wikipedia.org/wiki/Bahman_Foroutan,Q127490739,https://www.wikidata.org/wiki/Q127490739
Nazem Ganjapour,https://en.wikipedia.org/wiki/Nazem_Ganjapour,Q5361044,https://www.wikidata.org/wiki/Q5361044
Mohsen Garousi,https://en.wikipedia.org/wiki/Mohsen_Garousi,Q3860152,https://www.wikidata.org/wiki/Q3860152
Amir Ghalenoei,https://en.wikipedia.org/wiki/Amir_Ghalenoei,Q472003,https://www.wikidata.org/wiki/Q472003
Karim Ghanbari,https://en.wikipedia.org/wiki/Karim_Ghanbari,Q6370586,https://www.wikidata.org/wiki/Q6370586
Ebrahim Ghasempour,https://en.wikipedia.org/wiki/Ebrahim_Ghasempour,Q2478605,https://www.wikidata.org/wiki/Q2478605
Parviz Ghelichkhani,https://en.wikipedia.org/wiki/Parviz_Ghelichkhani,Q7141361,https://www.wikidata.org/wiki/Q7141361
Behzad Gholampour,https://en.wikipedia.org/wiki/Behzad_Gholampour,Q3637495,https://www.wikidata.org/wiki/Q3637495
Pirouz Ghorbani,https://en.wikipedia.org/wiki/Pirouz_Ghorbani,Q7198088,https://www.wikidata.org/wiki/Q7198088
Afshin Ghotbi,https://en.wikipedia.org/wiki/Afshin_Ghotbi,Q1141503,https://www.wikidata.org/wiki/Q1141503
Yahya Golmohammadi,https://en.wikipedia.org/wiki/Yahya_Golmohammadi,Q144769,https://www.wikidata.org/wiki/Q144769
Hassan Habibi (footballer),https://en.wikipedia.org/wiki/Hassan_Habibi_%28footballer%29,,
Mohammad Amin Hajmohammadi,https://en.wikipedia.org/wiki/Mohammad_Amin_Hajmohammadi,Q6891805,https://www.wikidata.org/wiki/Q6891805
Ali Hanteh,https://en.wikipedia.org/wiki/Ali_Hanteh,Q4724846,https://www.wikidata.org/wiki/Q4724846
Omid Harandi,https://en.wikipedia.org/wiki/Omid_Harandi,Q7090172,https://www.wikidata.org/wiki/Q7090172
Babak Hatami,https://en.wikipedia.org/wiki/Babak_Hatami,Q18637449,https://www.wikidata.org/wiki/Q18637449
Attila Hejazi,https://en.wikipedia.org/wiki/Attila_Hejazi,Q4818409,https://www.wikidata.org/wiki/Q4818409
Nasser Hejazi,https://en.wikipedia.org/wiki/Nasser_Hejazi,Q961425,https://www.wikidata.org/wiki/Q961425
Majid Hosseinipour,https://en.wikipedia.org/wiki/Majid_Hosseinipour,Q6737827,https://www.wikidata.org/wiki/Q6737827
Farzad Hosseinkhani,https://en.wikipedia.org/wiki/Farzad_Hosseinkhani,Q5436573,https://www.wikidata.org/wiki/Q5436573
Hassan Houri,https://en.wikipedia.org/wiki/Hassan_Houri,Q5679683,https://www.wikidata.org/wiki/Q5679683
Maryam Irandoost,https://en.wikipedia.org/wiki/Maryam_Irandoost,Q6781075,https://www.wikidata.org/wiki/Q6781075
Nosrat Irandoost,https://en.wikipedia.org/wiki/Nosrat_Irandoost,Q5871389,https://www.wikidata.org/wiki/Q5871389
Mojtaba Jabbari,https://en.wikipedia.org/wiki/Mojtaba_Jabbari,Q4116957,https://www.wikidata.org/wiki/Q4116957
Ghafour Jahani,https://en.wikipedia.org/wiki/Ghafour_Jahani,Q2053474,https://www.wikidata.org/wiki/Q2053474
Majid Jahanpour,https://en.wikipedia.org/wiki/Majid_Jahanpour,Q20863425,https://www.wikidata.org/wiki/Q20863425
Majid Jalali,https://en.wikipedia.org/wiki/Majid_Jalali,Q10396938,https://www.wikidata.org/wiki/Q10396938
Kambozia Jamali,https://en.wikipedia.org/wiki/Kambozia_Jamali,Q1708137,https://www.wikidata.org/wiki/Q1708137
Ahmad Jamshidian,https://en.wikipedia.org/wiki/Ahmad_Jamshidian,Q4695372,https://www.wikidata.org/wiki/Q4695372
Ali Kalantari,https://en.wikipedia.org/wiki/Ali_Kalantari,Q4724926,https://www.wikidata.org/wiki/Q4724926
Faraz Kamalvand,https://en.wikipedia.org/wiki/Faraz_Kamalvand,Q5434863,https://www.wikidata.org/wiki/Q5434863
Ali Karimi,https://en.wikipedia.org/wiki/Ali_Karimi,Q217384,https://www.wikidata.org/wiki/Q217384
Firouz Karimi,https://en.wikipedia.org/wiki/Firouz_Karimi,Q5452160,https://www.wikidata.org/wiki/Q5452160
Farhad Kazemi,https://en.wikipedia.org/wiki/Farhad_Kazemi,Q5435141,https://www.wikidata.org/wiki/Q5435141
Mohammad Khakpour,https://en.wikipedia.org/wiki/Mohammad_Khakpour,Q2626062,https://www.wikidata.org/wiki/Q2626062
Amir Khalifeh-Asl,https://en.wikipedia.org/wiki/Amir_Khalifeh-Asl,Q4746572,https://www.wikidata.org/wiki/Q4746572
Hossein Khatibi,https://en.wikipedia.org/wiki/Hossein_Khatibi,Q5942088,https://www.wikidata.org/wiki/Q5942088
Rasoul Khatibi,https://en.wikipedia.org/wiki/Rasoul_Khatibi,Q958168,https://www.wikidata.org/wiki/Q958168
Nouri Khodayari,https://en.wikipedia.org/wiki/Nouri_Khodayari,Q7063909,https://www.wikidata.org/wiki/Q7063909
Mahmoud Khordbin,https://en.wikipedia.org/wiki/Mahmoud_Khordbin,Q6734378,https://www.wikidata.org/wiki/Q6734378
Katayoun Khosrowyar,https://en.wikipedia.org/wiki/Katayoun_Khosrowyar,Q56365954,https://www.wikidata.org/wiki/Q56365954
Rasoul Korbekandi,https://en.wikipedia.org/wiki/Rasoul_Korbekandi,Q2053784,https://www.wikidata.org/wiki/Q2053784
Farhad Kouchakzadeh,https://en.wikipedia.org/wiki/Farhad_Kouchakzadeh,Q65195034,https://www.wikidata.org/wiki/Q65195034
Davoud Mahabadi,https://en.wikipedia.org/wiki/Davoud_Mahabadi,Q3015478,https://www.wikidata.org/wiki/Q3015478
Mehdi Mahdavikia,https://en.wikipedia.org/wiki/Mehdi_Mahdavikia,Q313780,https://www.wikidata.org/wiki/Q313780
Farshad Majedi,https://en.wikipedia.org/wiki/Farshad_Majedi,Q63863073,https://www.wikidata.org/wiki/Q63863073
Farhad Majidi,https://en.wikipedia.org/wiki/Farhad_Majidi,Q942253,https://www.wikidata.org/wiki/Q942253
Behrouz Makvandi,https://en.wikipedia.org/wiki/Behrouz_Makvandi,Q15981954,https://www.wikidata.org/wiki/Q15981954
Javad Manafi,https://en.wikipedia.org/wiki/Javad_Manafi,Q18687994,https://www.wikidata.org/wiki/Q18687994
Alireza Mansourian,https://en.wikipedia.org/wiki/Alireza_Mansourian,Q587312,https://www.wikidata.org/wiki/Q587312
Samad Marfavi,https://en.wikipedia.org/wiki/Samad_Marfavi,Q7408430,https://www.wikidata.org/wiki/Q7408430
Alireza Marzban,https://en.wikipedia.org/wiki/Alireza_Marzban,Q16192833,https://www.wikidata.org/wiki/Q16192833
Marziyeh Jafari,https://en.wikipedia.org/wiki/Marziyeh_Jafari,Q120753036,https://www.wikidata.org/wiki/Q120753036
Mohammad Mayeli Kohan,https://en.wikipedia.org/wiki/Mohammad_Mayeli_Kohan,Q3944278,https://www.wikidata.org/wiki/Q3944278
Gholamhossein Mazloumi,https://en.wikipedia.org/wiki/Gholamhossein_Mazloumi,Q3052433,https://www.wikidata.org/wiki/Q3052433
Parviz Mazloumi,https://en.wikipedia.org/wiki/Parviz_Mazloumi,Q7141364,https://www.wikidata.org/wiki/Q7141364
Akbar Misaghian,https://en.wikipedia.org/wiki/Akbar_Misaghian,Q4700428,https://www.wikidata.org/wiki/Q4700428
Ali Asghar Modir Roosta,https://en.wikipedia.org/wiki/Ali_Asghar_Modir_Roosta,Q3624951,https://www.wikidata.org/wiki/Q3624951
Heshmat Mohajerani,https://en.wikipedia.org/wiki/Heshmat_Mohajerani,Q2469870,https://www.wikidata.org/wiki/Q2469870
Mohammad Reza Mohajeri,https://en.wikipedia.org/wiki/Mohammad_Reza_Mohajeri,Q20644876,https://www.wikidata.org/wiki/Q20644876
Mohammad Saeid Akhbari,https://en.wikipedia.org/wiki/Mohammad_Saeid_Akhbari,Q109548016,https://www.wikidata.org/wiki/Q109548016
Akbar Mohammadi (footballer),https://en.wikipedia.org/wiki/Akbar_Mohammadi_%28footballer%29,,
Mehdi Mohammadi (football manager),https://en.wikipedia.org/wiki/Mehdi_Mohammadi_%28football_manager%29,,
Mehdi Mohammadzadeh,https://en.wikipedia.org/wiki/Mehdi_Mohammadzadeh,Q6809346,https://www.wikidata.org/wiki/Q6809346
Morteza Mohasses,https://en.wikipedia.org/wiki/Morteza_Mohasses,Q10473206,https://www.wikidata.org/wiki/Q10473206
Mehdi Monajati,https://en.wikipedia.org/wiki/Mehdi_Monajati,Q17612626,https://www.wikidata.org/wiki/Q17612626
Hamid Motahari,https://en.wikipedia.org/wiki/Hamid_Motahari,Q31069818,https://www.wikidata.org/wiki/Q31069818
Majid Namjoo-Motlagh,https://en.wikipedia.org/wiki/Majid_Namjoo-Motlagh,Q6737857,https://www.wikidata.org/wiki/Q6737857
Reza Nasehi,https://en.wikipedia.org/wiki/Reza_Nasehi,Q7319770,https://www.wikidata.org/wiki/Q7319770
Jamshid Nassiri,https://en.wikipedia.org/wiki/Jamshid_Nassiri,Q6148237,https://www.wikidata.org/wiki/Q6148237
Masoud Nazarzadeh,https://en.wikipedia.org/wiki/Masoud_Nazarzadeh,Q10510585,https://www.wikidata.org/wiki/Q10510585
Afshin Nazemi,https://en.wikipedia.org/wiki/Afshin_Nazemi,Q10554082,https://www.wikidata.org/wiki/Q10554082
Javad Nekounam,https://en.wikipedia.org/wiki/Javad_Nekounam,Q315008,https://www.wikidata.org/wiki/Q315008
Alexander Nouri,https://en.wikipedia.org/wiki/Alexander_Nouri,Q2642761,https://www.wikidata.org/wiki/Q2642761
Pejman Nouri,https://en.wikipedia.org/wiki/Pejman_Nouri,Q7161010,https://www.wikidata.org/wiki/Q7161010
Mohammad Panjali,https://en.wikipedia.org/wiki/Mohammad_Panjali,Q6892302,https://www.wikidata.org/wiki/Q6892302
Reza Parkas,https://en.wikipedia.org/wiki/Reza_Parkas,Q92878282,https://www.wikidata.org/wiki/Q92878282
Ali Parvin,https://en.wikipedia.org/wiki/Ali_Parvin,Q1969259,https://www.wikidata.org/wiki/Q1969259
Mehdi Pashazadeh,https://en.wikipedia.org/wiki/Mehdi_Pashazadeh,Q1361709,https://www.wikidata.org/wiki/Q1361709
Amir Hossein Peiravani,https://en.wikipedia.org/wiki/Amir_Hossein_Peiravani,Q4746561,https://www.wikidata.org/wiki/Q4746561
Afshin Peyrovani,https://en.wikipedia.org/wiki/Afshin_Peyrovani,Q2440232,https://www.wikidata.org/wiki/Q2440232
Gholam Hossein Peyrovani,https://en.wikipedia.org/wiki/Gholam_Hossein_Peyrovani,Q5556861,https://www.wikidata.org/wiki/Q5556861
Farshad Pious,https://en.wikipedia.org/wiki/Farshad_Pious,Q4120444,https://www.wikidata.org/wiki/Q4120444
Farhad Pourgholami,https://en.wikipedia.org/wiki/Farhad_Pourgholami,Q5435153,https://www.wikidata.org/wiki/Q5435153
Mansour Pourheidari,https://en.wikipedia.org/wiki/Mansour_Pourheidari,Q10397810,https://www.wikidata.org/wiki/Q10397810
Alireza Pourmand,https://en.wikipedia.org/wiki/Alireza_Pourmand,Q4726895,https://www.wikidata.org/wiki/Q4726895
Naser Pourmehdi,https://en.wikipedia.org/wiki/Naser_Pourmehdi,Q15981927,https://www.wikidata.org/wiki/Q15981927
Sirous Pourmousavi,https://en.wikipedia.org/wiki/Sirous_Pourmousavi,Q24251150,https://www.wikidata.org/wiki/Q24251150
Seyed Mehdi Qiyassi,https://en.wikipedia.org/wiki/Seyed_Mehdi_Qiyassi,Q7459026,https://www.wikidata.org/wiki/Q7459026
Mohammad Rabiei,https://en.wikipedia.org/wiki/Mohammad_Rabiei,Q98541556,https://www.wikidata.org/wiki/Q98541556
Mehdi Rahmati,https://en.wikipedia.org/wiki/Mehdi_Rahmati,Q577142,https://www.wikidata.org/wiki/Q577142
Mehdi Rajabzadeh,https://en.wikipedia.org/wiki/Mehdi_Rajabzadeh,Q4115970,https://www.wikidata.org/wiki/Q4115970
Mohammad Ranjbar,https://en.wikipedia.org/wiki/Mohammad_Ranjbar,Q6892317,https://www.wikidata.org/wiki/Q6892317
Omid Ravankhah,https://en.wikipedia.org/wiki/Omid_Ravankhah,Q7090176,https://www.wikidata.org/wiki/Q7090176
Abbas Razavi,https://en.wikipedia.org/wiki/Abbas_Razavi,Q4663788,https://www.wikidata.org/wiki/Q4663788
Reza Darvish,https://en.wikipedia.org/wiki/Reza_Darvish,Q112245281,https://www.wikidata.org/wiki/Q112245281
Hassan Rowshan,https://en.wikipedia.org/wiki/Hassan_Rowshan,Q2736000,https://www.wikidata.org/wiki/Q2736000
Naeim Saadavi,https://en.wikipedia.org/wiki/Naeim_Saadavi,Q2626683,https://www.wikidata.org/wiki/Q2626683
Hossein Sadaghiani,https://en.wikipedia.org/wiki/Hossein_Sadaghiani,Q431445,https://www.wikidata.org/wiki/Q431445
Ebrahim Sadeghi,https://en.wikipedia.org/wiki/Ebrahim_Sadeghi,Q3046883,https://www.wikidata.org/wiki/Q3046883
Asghar Sadri,https://en.wikipedia.org/wiki/Asghar_Sadri,Q15981939,https://www.wikidata.org/wiki/Q15981939
Reza Sahebi,https://en.wikipedia.org/wiki/Reza_Sahebi,Q7319784,https://www.wikidata.org/wiki/Q7319784
Saeed Salamaat,https://en.wikipedia.org/wiki/Saeed_Salamaat,Q16050457,https://www.wikidata.org/wiki/Q16050457
Saleh Mostafavi,https://en.wikipedia.org/wiki/Saleh_Mostafavi,Q120637372,https://www.wikidata.org/wiki/Q120637372
Majid Saleh,https://en.wikipedia.org/wiki/Majid_Saleh,Q3843595,https://www.wikidata.org/wiki/Q3843595
Bahman Salehnia,https://en.wikipedia.org/wiki/Bahman_Salehnia,Q3944284,https://www.wikidata.org/wiki/Q3944284
Mostafa Salimi,https://en.wikipedia.org/wiki/Mostafa_Salimi,Q6916878,https://www.wikidata.org/wiki/Q6916878
Sirous Sangchouli,https://en.wikipedia.org/wiki/Sirous_Sangchouli,Q5725350,https://www.wikidata.org/wiki/Q5725350
Ahmad Sanjari,https://en.wikipedia.org/wiki/Ahmad_Sanjari,Q1771495,https://www.wikidata.org/wiki/Q1771495
Mojtaba Sarasiaei,https://en.wikipedia.org/wiki/Mojtaba_Sarasiaei,Q82020883,https://www.wikidata.org/wiki/Q82020883
Rashid Sazmand,https://en.wikipedia.org/wiki/Rashid_Sazmand,Q3943864,https://www.wikidata.org/wiki/Q3943864
Behnam Seraj,https://en.wikipedia.org/wiki/Behnam_Seraj,Q2439801,https://www.wikidata.org/wiki/Q2439801
Seyed Kazem Ghiyassian,https://en.wikipedia.org/wiki/Seyed_Kazem_Ghiyassian,Q7459025,https://www.wikidata.org/wiki/Q7459025
Homayoun Shahrokhi,https://en.wikipedia.org/wiki/Homayoun_Shahrokhi,Q5887804,https://www.wikidata.org/wiki/Q5887804
Mehrab Shahrokhi,https://en.wikipedia.org/wiki/Mehrab_Shahrokhi,Q4561034,https://www.wikidata.org/wiki/Q4561034
Reza Shahroudi,https://en.wikipedia.org/wiki/Reza_Shahroudi,Q2137748,https://www.wikidata.org/wiki/Q2137748
Hadi Shakouri,https://en.wikipedia.org/wiki/Hadi_Shakouri,Q5637847,https://www.wikidata.org/wiki/Q5637847
Hossein Shams,https://en.wikipedia.org/wiki/Hossein_Shams,Q5909150,https://www.wikidata.org/wiki/Q5909150
Asghar Sharafi,https://en.wikipedia.org/wiki/Asghar_Sharafi,Q4804299,https://www.wikidata.org/wiki/Q4804299
Ahad Sheykhlari,https://en.wikipedia.org/wiki/Ahad_Sheykhlari,Q6418952,https://www.wikidata.org/wiki/Q6418952
Masoud Shojaei,https://en.wikipedia.org/wiki/Masoud_Shojaei,Q350867,https://www.wikidata.org/wiki/Q350867
Mojtaba Taghavi,https://en.wikipedia.org/wiki/Mojtaba_Taghavi,Q6895174,https://www.wikidata.org/wiki/Q6895174
Mohsen Taheri,https://en.wikipedia.org/wiki/Mohsen_Taheri,Q25424845,https://www.wikidata.org/wiki/Q25424845
Jalal Talebi,https://en.wikipedia.org/wiki/Jalal_Talebi,Q2439789,https://www.wikidata.org/wiki/Q2439789
Ali Targholizadeh,https://en.wikipedia.org/wiki/Ali_Targholizadeh,Q21175265,https://www.wikidata.org/wiki/Q21175265
Mehdi Tartar,https://en.wikipedia.org/wiki/Mehdi_Tartar,Q6809372,https://www.wikidata.org/wiki/Q6809372
Seyed Pendar Toufighi,https://en.wikipedia.org/wiki/Seyed_Pendar_Toufighi,Q26896983,https://www.wikidata.org/wiki/Q26896983
Ahmad Tousi,https://en.wikipedia.org/wiki/Ahmad_Tousi,Q4695491,https://www.wikidata.org/wiki/Q4695491
Vahid Rezaei,https://en.wikipedia.org/wiki/Vahid_Rezaei,Q123984306,https://www.wikidata.org/wiki/Q123984306
Ayoub Vali,https://en.wikipedia.org/wiki/Ayoub_Vali,Q4831604,https://www.wikidata.org/wiki/Q4831604
Büyük Vatankhah,https://en.wikipedia.org/wiki/B%C3%BCy%C3%BCk_Vatankhah,,
Reza Vatankhah,https://en.wikipedia.org/wiki/Reza_Vatankhah,Q7319802,https://www.wikidata.org/wiki/Q7319802
Abdollah Veisi,https://en.wikipedia.org/wiki/Abdollah_Veisi,Q4665081,https://www.wikidata.org/wiki/Q4665081
Mahmoud Yavari,https://en.wikipedia.org/wiki/Mahmoud_Yavari,Q6583481,https://www.wikidata.org/wiki/Q6583481
Dariush Yazdi,https://en.wikipedia.org/wiki/Dariush_Yazdi,Q56223501,https://www.wikidata.org/wiki/Q56223501
Edmond Yunanpour,https://en.wikipedia.org/wiki/Edmond_Yunanpour,Q5338938,https://www.wikidata.org/wiki/Q5338938
Ghasem Zaghinejad,https://en.wikipedia.org/wiki/Ghasem_Zaghinejad,Q23908918,https://www.wikidata.org/wiki/Q23908918
Javad Zarincheh,https://en.wikipedia.org/wiki/Javad_Zarincheh,Q2437973,https://www.wikidata.org/wiki/Q2437973
Mohammad Hossein Ziaei,https://en.wikipedia.org/wiki/Mohammad_Hossein_Ziaei,Q6892047,https://www.wikidata.org/wiki/Q6892047
Bijan Zolfagharnasab,https://en.wikipedia.org/wiki/Bijan_Zolfagharnasab,Q4907173,https://www.wikidata.org/wiki/Q4907173
Amir Azrafshan,https://en.wikipedia.org/wiki/Amir_Azrafshan,Q97610510,https://www.wikidata.org/wiki/Q97610510
Garnik Mehrabian,https://en.wikipedia.org/wiki/Garnik_Mehrabian,Q5523691,https://www.wikidata.org/wiki/Q5523691
Ata Pirmoradi,https://en.wikipedia.org/wiki/Ata_Pirmoradi,Q23008130,https://www.wikidata.org/wiki/Q23008130
Dariush Yazdani,https://en.wikipedia.org/wiki/Dariush_Yazdani,Q3016200,https://www.wikidata.org/wiki/Q3016200
