Name,Wikipedia_Link
Hossein Abdi,https://en.wikipedia.org/wiki/Hossein_Abdi
Nasrollah Abdollahi,https://en.wikipedia.org/wiki/Nasrollah_Abdollahi
Parviz Aboutaleb,https://en.wikipedia.org/wiki/Parviz_Aboutaleb
Human Afazeli,https://en.wikipedia.org/wiki/Human_Afazeli
Markar Aghajanyan,https://en.wikipedia.org/wiki/Markar_Aghajanyan
Mohammad Ahmadzadeh,https://en.wikipedia.org/wiki/Mohammad_Ahmadzadeh
Mohammad Alavi (footballer),https://en.wikipedia.org/wiki/Mohammad_Alavi_%28footballer%29
Ahmad Alenemeh,https://en.wikipedia.org/wiki/Ahmad_Alenemeh
Saeed Alhoei,https://en.wikipedia.org/wiki/Saeed_Alhoei
Hamid Alidoosti,https://en.wikipedia.org/wiki/Hamid_Alidoosti
Mansour Amirasefi,https://en.wikipedia.org/wiki/Mansour_Amirasefi
Mohammad Hassan Ansarifard,https://en.wikipedia.org/wiki/Mohammad_Hassan_Ansarifard
Poya Asbaghi,https://en.wikipedia.org/wiki/Poya_Asbaghi
Fereydoun Asgharzadeh,https://en.wikipedia.org/wiki/Fereydoun_Asgharzadeh
Aziz Asli,https://en.wikipedia.org/wiki/Aziz_Asli
Bahram Atef,https://en.wikipedia.org/wiki/Bahram_Atef
Hassan Azarnia,https://en.wikipedia.org/wiki/Hassan_Azarnia
Bijan Azizi,https://en.wikipedia.org/wiki/Bijan_Azizi
Khodadad Azizi,https://en.wikipedia.org/wiki/Khodadad_Azizi
Maryam Azmoon,https://en.wikipedia.org/wiki/Maryam_Azmoon
Hamid Babazadeh,https://en.wikipedia.org/wiki/Hamid_Babazadeh
Karim Bagheri,https://en.wikipedia.org/wiki/Karim_Bagheri
Majid Bagherinia,https://en.wikipedia.org/wiki/Majid_Bagherinia
Siavash Bakhtiarizadeh,https://en.wikipedia.org/wiki/Siavash_Bakhtiarizadeh
Sohrab Bakhtiarizadeh,https://en.wikipedia.org/wiki/Sohrab_Bakhtiarizadeh
Hadi Bargizar,https://en.wikipedia.org/wiki/Hadi_Bargizar
Abdolreza Barzegari,https://en.wikipedia.org/wiki/Abdolreza_Barzegari
Mahmoud Bayati,https://en.wikipedia.org/wiki/Mahmoud_Bayati
Mohammad Bayati,https://en.wikipedia.org/wiki/Mohammad_Bayati
Vahid Bayatlou,https://en.wikipedia.org/wiki/Vahid_Bayatlou
Homayoun Behzadi,https://en.wikipedia.org/wiki/Homayoun_Behzadi
Karim Boostani,https://en.wikipedia.org/wiki/Karim_Boostani
Abbas Chamanyan,https://en.wikipedia.org/wiki/Abbas_Chamanyan
Hossein Charkhabi,https://en.wikipedia.org/wiki/Hossein_Charkhabi
Jalal Cheraghpour,https://en.wikipedia.org/wiki/Jalal_Cheraghpour
Behzad Dadashzadeh,https://en.wikipedia.org/wiki/Behzad_Dadashzadeh
Ali Daei,https://en.wikipedia.org/wiki/Ali_Daei
Saeid Daghighi,https://en.wikipedia.org/wiki/Saeid_Daghighi
Ali Danaeifard,https://en.wikipedia.org/wiki/Ali_Danaeifard
Nader Dastneshan,https://en.wikipedia.org/wiki/Nader_Dastneshan
Rahim Dastneshan,https://en.wikipedia.org/wiki/Rahim_Dastneshan
Parviz Dehdari,https://en.wikipedia.org/wiki/Parviz_Dehdari
Hamid Derakhshan,https://en.wikipedia.org/wiki/Hamid_Derakhshan
Sirous Dinmohammadi,https://en.wikipedia.org/wiki/Sirous_Dinmohammadi
Mehdi Dinvarzadeh,https://en.wikipedia.org/wiki/Mehdi_Dinvarzadeh
Ali Doustimehr,https://en.wikipedia.org/wiki/Ali_Doustimehr
Morteza Ebrahimi,https://en.wikipedia.org/wiki/Morteza_Ebrahimi
Nasser Ebrahimi,https://en.wikipedia.org/wiki/Nasser_Ebrahimi
Mahmood Ebrahimzadeh,https://en.wikipedia.org/wiki/Mahmood_Ebrahimzadeh
Mansour Ebrahimzadeh,https://en.wikipedia.org/wiki/Mansour_Ebrahimzadeh
Abbas Ekrami,https://en.wikipedia.org/wiki/Abbas_Ekrami
Saket Elhami,https://en.wikipedia.org/wiki/Saket_Elhami
Esmaeil Esmaeili,https://en.wikipedia.org/wiki/Esmaeil_Esmaeili
Hamid Estili,https://en.wikipedia.org/wiki/Hamid_Estili
Farshad Falahatzadeh,https://en.wikipedia.org/wiki/Farshad_Falahatzadeh
Hossein Faraki,https://en.wikipedia.org/wiki/Hossein_Faraki
Navid Faridi,https://en.wikipedia.org/wiki/Navid_Faridi
Nader Faryadshiran,https://en.wikipedia.org/wiki/Nader_Faryadshiran
Vahid Fazeli,https://en.wikipedia.org/wiki/Vahid_Fazeli
Hossein Fekri,https://en.wikipedia.org/wiki/Hossein_Fekri
Ali Firouzi,https://en.wikipedia.org/wiki/Ali_Firouzi
Bahman Foroutan,https://en.wikipedia.org/wiki/Bahman_Foroutan
Nazem Ganjapour,https://en.wikipedia.org/wiki/Nazem_Ganjapour
Mohsen Garousi,https://en.wikipedia.org/wiki/Mohsen_Garousi
Amir Ghalenoei,https://en.wikipedia.org/wiki/Amir_Ghalenoei
Karim Ghanbari,https://en.wikipedia.org/wiki/Karim_Ghanbari
Ebrahim Ghasempour,https://en.wikipedia.org/wiki/Ebrahim_Ghasempour
Parviz Ghelichkhani,https://en.wikipedia.org/wiki/Parviz_Ghelichkhani
Behzad Gholampour,https://en.wikipedia.org/wiki/Behzad_Gholampour
Pirouz Ghorbani,https://en.wikipedia.org/wiki/Pirouz_Ghorbani
Afshin Ghotbi,https://en.wikipedia.org/wiki/Afshin_Ghotbi
Yahya Golmohammadi,https://en.wikipedia.org/wiki/Yahya_Golmohammadi
Hassan Habibi (footballer),https://en.wikipedia.org/wiki/Hassan_Habibi_%28footballer%29
Mohammad Amin Hajmohammadi,https://en.wikipedia.org/wiki/Mohammad_Amin_Hajmohammadi
Ali Hanteh,https://en.wikipedia.org/wiki/Ali_Hanteh
Omid Harandi,https://en.wikipedia.org/wiki/Omid_Harandi
Babak Hatami,https://en.wikipedia.org/wiki/Babak_Hatami
Attila Hejazi,https://en.wikipedia.org/wiki/Attila_Hejazi
Nasser Hejazi,https://en.wikipedia.org/wiki/Nasser_Hejazi
Majid Hosseinipour,https://en.wikipedia.org/wiki/Majid_Hosseinipour
Farzad Hosseinkhani,https://en.wikipedia.org/wiki/Farzad_Hosseinkhani
Hassan Houri,https://en.wikipedia.org/wiki/Hassan_Houri
Maryam Irandoost,https://en.wikipedia.org/wiki/Maryam_Irandoost
Nosrat Irandoost,https://en.wikipedia.org/wiki/Nosrat_Irandoost
Mojtaba Jabbari,https://en.wikipedia.org/wiki/Mojtaba_Jabbari
Ghafour Jahani,https://en.wikipedia.org/wiki/Ghafour_Jahani
Majid Jahanpour,https://en.wikipedia.org/wiki/Majid_Jahanpour
Majid Jalali,https://en.wikipedia.org/wiki/Majid_Jalali
Kambozia Jamali,https://en.wikipedia.org/wiki/Kambozia_Jamali
Ahmad Jamshidian,https://en.wikipedia.org/wiki/Ahmad_Jamshidian
Ali Kalantari,https://en.wikipedia.org/wiki/Ali_Kalantari
Faraz Kamalvand,https://en.wikipedia.org/wiki/Faraz_Kamalvand
Ali Karimi,https://en.wikipedia.org/wiki/Ali_Karimi
Firouz Karimi,https://en.wikipedia.org/wiki/Firouz_Karimi
Farhad Kazemi,https://en.wikipedia.org/wiki/Farhad_Kazemi
Mohammad Khakpour,https://en.wikipedia.org/wiki/Mohammad_Khakpour
Amir Khalifeh-Asl,https://en.wikipedia.org/wiki/Amir_Khalifeh-Asl
Hossein Khatibi,https://en.wikipedia.org/wiki/Hossein_Khatibi
Rasoul Khatibi,https://en.wikipedia.org/wiki/Rasoul_Khatibi
Nouri Khodayari,https://en.wikipedia.org/wiki/Nouri_Khodayari
Mahmoud Khordbin,https://en.wikipedia.org/wiki/Mahmoud_Khordbin
Katayoun Khosrowyar,https://en.wikipedia.org/wiki/Katayoun_Khosrowyar
Rasoul Korbekandi,https://en.wikipedia.org/wiki/Rasoul_Korbekandi
Farhad Kouchakzadeh,https://en.wikipedia.org/wiki/Farhad_Kouchakzadeh
Davoud Mahabadi,https://en.wikipedia.org/wiki/Davoud_Mahabadi
Mehdi Mahdavikia,https://en.wikipedia.org/wiki/Mehdi_Mahdavikia
Farshad Majedi,https://en.wikipedia.org/wiki/Farshad_Majedi
Farhad Majidi,https://en.wikipedia.org/wiki/Farhad_Majidi
Behrouz Makvandi,https://en.wikipedia.org/wiki/Behrouz_Makvandi
Javad Manafi,https://en.wikipedia.org/wiki/Javad_Manafi
Alireza Mansourian,https://en.wikipedia.org/wiki/Alireza_Mansourian
Samad Marfavi,https://en.wikipedia.org/wiki/Samad_Marfavi
Alireza Marzban,https://en.wikipedia.org/wiki/Alireza_Marzban
Marziyeh Jafari,https://en.wikipedia.org/wiki/Marziyeh_Jafari
Mohammad Mayeli Kohan,https://en.wikipedia.org/wiki/Mohammad_Mayeli_Kohan
Gholamhossein Mazloumi,https://en.wikipedia.org/wiki/Gholamhossein_Mazloumi
Parviz Mazloumi,https://en.wikipedia.org/wiki/Parviz_Mazloumi
Akbar Misaghian,https://en.wikipedia.org/wiki/Akbar_Misaghian
Ali Asghar Modir Roosta,https://en.wikipedia.org/wiki/Ali_Asghar_Modir_Roosta
Heshmat Mohajerani,https://en.wikipedia.org/wiki/Heshmat_Mohajerani
Mohammad Reza Mohajeri,https://en.wikipedia.org/wiki/Mohammad_Reza_Mohajeri
Mohammad Saeid Akhbari,https://en.wikipedia.org/wiki/Mohammad_Saeid_Akhbari
Akbar Mohammadi (footballer),https://en.wikipedia.org/wiki/Akbar_Mohammadi_%28footballer%29
Mehdi Mohammadi (football manager),https://en.wikipedia.org/wiki/Mehdi_Mohammadi_%28football_manager%29
Mehdi Mohammadzadeh,https://en.wikipedia.org/wiki/Mehdi_Mohammadzadeh
Morteza Mohasses,https://en.wikipedia.org/wiki/Morteza_Mohasses
Mehdi Monajati,https://en.wikipedia.org/wiki/Mehdi_Monajati
Hamid Motahari,https://en.wikipedia.org/wiki/Hamid_Motahari
Majid Namjoo-Motlagh,https://en.wikipedia.org/wiki/Majid_Namjoo-Motlagh
Reza Nasehi,https://en.wikipedia.org/wiki/Reza_Nasehi
Jamshid Nassiri,https://en.wikipedia.org/wiki/Jamshid_Nassiri
Masoud Nazarzadeh,https://en.wikipedia.org/wiki/Masoud_Nazarzadeh
Afshin Nazemi,https://en.wikipedia.org/wiki/Afshin_Nazemi
Javad Nekounam,https://en.wikipedia.org/wiki/Javad_Nekounam
Alexander Nouri,https://en.wikipedia.org/wiki/Alexander_Nouri
Pejman Nouri,https://en.wikipedia.org/wiki/Pejman_Nouri
Mohammad Panjali,https://en.wikipedia.org/wiki/Mohammad_Panjali
Reza Parkas,https://en.wikipedia.org/wiki/Reza_Parkas
Ali Parvin,https://en.wikipedia.org/wiki/Ali_Parvin
Mehdi Pashazadeh,https://en.wikipedia.org/wiki/Mehdi_Pashazadeh
Amir Hossein Peiravani,https://en.wikipedia.org/wiki/Amir_Hossein_Peiravani
Afshin Peyrovani,https://en.wikipedia.org/wiki/Afshin_Peyrovani
Gholam Hossein Peyrovani,https://en.wikipedia.org/wiki/Gholam_Hossein_Peyrovani
Farshad Pious,https://en.wikipedia.org/wiki/Farshad_Pious
Farhad Pourgholami,https://en.wikipedia.org/wiki/Farhad_Pourgholami
Mansour Pourheidari,https://en.wikipedia.org/wiki/Mansour_Pourheidari
Alireza Pourmand,https://en.wikipedia.org/wiki/Alireza_Pourmand
Naser Pourmehdi,https://en.wikipedia.org/wiki/Naser_Pourmehdi
Sirous Pourmousavi,https://en.wikipedia.org/wiki/Sirous_Pourmousavi
Seyed Mehdi Qiyassi,https://en.wikipedia.org/wiki/Seyed_Mehdi_Qiyassi
Mohammad Rabiei,https://en.wikipedia.org/wiki/Mohammad_Rabiei
Mehdi Rahmati,https://en.wikipedia.org/wiki/Mehdi_Rahmati
Mehdi Rajabzadeh,https://en.wikipedia.org/wiki/Mehdi_Rajabzadeh
Mohammad Ranjbar,https://en.wikipedia.org/wiki/Mohammad_Ranjbar
Omid Ravankhah,https://en.wikipedia.org/wiki/Omid_Ravankhah
Abbas Razavi,https://en.wikipedia.org/wiki/Abbas_Razavi
Reza Darvish,https://en.wikipedia.org/wiki/Reza_Darvish
Hassan Rowshan,https://en.wikipedia.org/wiki/Hassan_Rowshan
Naeim Saadavi,https://en.wikipedia.org/wiki/Naeim_Saadavi
Hossein Sadaghiani,https://en.wikipedia.org/wiki/Hossein_Sadaghiani
Ebrahim Sadeghi,https://en.wikipedia.org/wiki/Ebrahim_Sadeghi
Asghar Sadri,https://en.wikipedia.org/wiki/Asghar_Sadri
Reza Sahebi,https://en.wikipedia.org/wiki/Reza_Sahebi
Saeed Salamaat,https://en.wikipedia.org/wiki/Saeed_Salamaat
Saleh Mostafavi,https://en.wikipedia.org/wiki/Saleh_Mostafavi
Majid Saleh,https://en.wikipedia.org/wiki/Majid_Saleh
Bahman Salehnia,https://en.wikipedia.org/wiki/Bahman_Salehnia
Mostafa Salimi,https://en.wikipedia.org/wiki/Mostafa_Salimi
Sirous Sangchouli,https://en.wikipedia.org/wiki/Sirous_Sangchouli
Ahmad Sanjari,https://en.wikipedia.org/wiki/Ahmad_Sanjari
Mojtaba Sarasiaei,https://en.wikipedia.org/wiki/Mojtaba_Sarasiaei
Rashid Sazmand,https://en.wikipedia.org/wiki/Rashid_Sazmand
Behnam Seraj,https://en.wikipedia.org/wiki/Behnam_Seraj
Seyed Kazem Ghiyassian,https://en.wikipedia.org/wiki/Seyed_Kazem_Ghiyassian
Homayoun Shahrokhi,https://en.wikipedia.org/wiki/Homayoun_Shahrokhi
Mehrab Shahrokhi,https://en.wikipedia.org/wiki/Mehrab_Shahrokhi
Reza Shahroudi,https://en.wikipedia.org/wiki/Reza_Shahroudi
Hadi Shakouri,https://en.wikipedia.org/wiki/Hadi_Shakouri
Hossein Shams,https://en.wikipedia.org/wiki/Hossein_Shams
Asghar Sharafi,https://en.wikipedia.org/wiki/Asghar_Sharafi
Ahad Sheykhlari,https://en.wikipedia.org/wiki/Ahad_Sheykhlari
Masoud Shojaei,https://en.wikipedia.org/wiki/Masoud_Shojaei
Mojtaba Taghavi,https://en.wikipedia.org/wiki/Mojtaba_Taghavi
Mohsen Taheri,https://en.wikipedia.org/wiki/Mohsen_Taheri
Jalal Talebi,https://en.wikipedia.org/wiki/Jalal_Talebi
Ali Targholizadeh,https://en.wikipedia.org/wiki/Ali_Targholizadeh
Mehdi Tartar,https://en.wikipedia.org/wiki/Mehdi_Tartar
Seyed Pendar Toufighi,https://en.wikipedia.org/wiki/Seyed_Pendar_Toufighi
Ahmad Tousi,https://en.wikipedia.org/wiki/Ahmad_Tousi
Vahid Rezaei,https://en.wikipedia.org/wiki/Vahid_Rezaei
Ayoub Vali,https://en.wikipedia.org/wiki/Ayoub_Vali
Büyük Vatankhah,https://en.wikipedia.org/wiki/B%C3%BCy%C3%BCk_Vatankhah
Reza Vatankhah,https://en.wikipedia.org/wiki/Reza_Vatankhah
Abdollah Veisi,https://en.wikipedia.org/wiki/Abdollah_Veisi
Mahmoud Yavari,https://en.wikipedia.org/wiki/Mahmoud_Yavari
Dariush Yazdi,https://en.wikipedia.org/wiki/Dariush_Yazdi
Edmond Yunanpour,https://en.wikipedia.org/wiki/Edmond_Yunanpour
Ghasem Zaghinejad,https://en.wikipedia.org/wiki/Ghasem_Zaghinejad
Javad Zarincheh,https://en.wikipedia.org/wiki/Javad_Zarincheh
Mohammad Hossein Ziaei,https://en.wikipedia.org/wiki/Mohammad_Hossein_Ziaei
Bijan Zolfagharnasab,https://en.wikipedia.org/wiki/Bijan_Zolfagharnasab
Amir Azrafshan,https://en.wikipedia.org/wiki/Amir_Azrafshan
Garnik Mehrabian,https://en.wikipedia.org/wiki/Garnik_Mehrabian
Ata Pirmoradi,https://en.wikipedia.org/wiki/Ata_Pirmoradi
Dariush Yazdani,https://en.wikipedia.org/wiki/Dariush_Yazdani
