Name,Wikipedia_Link,wikidata_qid,wikidata_url
Asadollah Abbasi,https://en.wikipedia.org/wiki/Asadollah_Abbasi,Q14923234,https://www.wikidata.org/wiki/Q14923234
Mohammad Abbasi,https://en.wikipedia.org/wiki/Mohammad_Abbasi,Q6891663,https://www.wikidata.org/wiki/Q6891663
Ali Abdolalizadeh,https://en.wikipedia.org/wiki/Ali_Abdolalizadeh,Q5952559,https://www.wikidata.org/wiki/Q5952559
Hojjatollah Abdolmaleki,https://en.wikipedia.org/wiki/Hojjatollah_Abdolmaleki,Q108394879,https://www.wikidata.org/wiki/Q108394879
Abbas Adham,https://en.wikipedia.org/wiki/Abbas_Adham,Q14847737,https://www.wikidata.org/wiki/Q14847737
Mostafa Adl,https://en.wikipedia.org/wiki/Mostafa_Adl,Q6401211,https://www.wikidata.org/wiki/Q6401211
Soltan-Ali Vazir-e Afkham,https://en.wikipedia.org/wiki/Soltan-Ali_Vazir-e_Afkham,Q6400374,https://www.wikidata.org/wiki/Q6400374
Majid Ahi,https://en.wikipedia.org/wiki/Majid_Ahi,Q5796233,https://www.wikidata.org/wiki/Q5796233
Mahmoud Ahmadzadeh,https://en.wikipedia.org/wiki/Mahmoud_Ahmadzadeh,Q30318841,https://www.wikidata.org/wiki/Q30318841
Abbas Ahmad Akhoundi,https://en.wikipedia.org/wiki/Abbas_Ahmad_Akhoundi,Q5908618,https://www.wikidata.org/wiki/Q5908618
Yahya Ale Eshaq,https://en.wikipedia.org/wiki/Yahya_Ale_Eshaq,Q5951158,https://www.wikidata.org/wiki/Q5951158
Ibrahim Alemi,https://en.wikipedia.org/wiki/Ibrahim_Alemi,Q111913248,https://www.wikidata.org/wiki/Q111913248
Abbas Aliabadi,https://en.wikipedia.org/wiki/Abbas_Aliabadi,Q20178715,https://www.wikidata.org/wiki/Q20178715
Ali Amini,https://en.wikipedia.org/wiki/Ali_Amini,Q1774108,https://www.wikidata.org/wiki/Q1774108
Abdolreza Ansari,https://en.wikipedia.org/wiki/Abdolreza_Ansari,Q17991350,https://www.wikidata.org/wiki/Q17991350
Mohammad Ardakani,https://en.wikipedia.org/wiki/Mohammad_Ardakani,Q5708603,https://www.wikidata.org/wiki/Q5708603
Reza Ardakanian,https://en.wikipedia.org/wiki/Reza_Ardakanian,Q41243811,https://www.wikidata.org/wiki/Q41243811
Aligholi Ardalan,https://en.wikipedia.org/wiki/Aligholi_Ardalan,Q2646676,https://www.wikidata.org/wiki/Q2646676
Mohammad Reza Aref,https://en.wikipedia.org/wiki/Mohammad_Reza_Aref,Q2655534,https://www.wikidata.org/wiki/Q2655534
Hasan Arfa,https://en.wikipedia.org/wiki/Hasan_Arfa,Q447184,https://www.wikidata.org/wiki/Q447184
Habibollah Asgaroladi,https://en.wikipedia.org/wiki/Habibollah_Asgaroladi,Q5636830,https://www.wikidata.org/wiki/Q5636830
Mohammad Atabak,https://en.wikipedia.org/wiki/Mohammad_Atabak,Q130204345,https://www.wikidata.org/wiki/Q130204345
Mehdi Azar,https://en.wikipedia.org/wiki/Mehdi_Azar,Q10858603,https://www.wikidata.org/wiki/Q10858603
Manouchehr Azmoun,https://en.wikipedia.org/wiki/Manouchehr_Azmoun,Q5919937,https://www.wikidata.org/wiki/Q5919937
Mohammad-Taqi Bahar,https://en.wikipedia.org/wiki/Mohammad-Taqi_Bahar,Q1393466,https://www.wikidata.org/wiki/Q1393466
Mehdi Bazargan,https://en.wikipedia.org/wiki/Mehdi_Bazargan,Q382369,https://www.wikidata.org/wiki/Q382369
Hamid Behbahani,https://en.wikipedia.org/wiki/Hamid_Behbahani,Q5644577,https://www.wikidata.org/wiki/Q5644577
Habibollah Bitaraf,https://en.wikipedia.org/wiki/Habibollah_Bitaraf,Q5636831,https://www.wikidata.org/wiki/Q5636831
Javad Bushehri,https://en.wikipedia.org/wiki/Javad_Bushehri,Q5669868,https://www.wikidata.org/wiki/Q5669868
Hamid Chitchian,https://en.wikipedia.org/wiki/Hamid_Chitchian,Q14517896,https://www.wikidata.org/wiki/Q14517896
Hossein Dadgar,https://en.wikipedia.org/wiki/Hossein_Dadgar,Q5907323,https://www.wikidata.org/wiki/Q5907323
Rahman Dadman,https://en.wikipedia.org/wiki/Rahman_Dadman,Q7283483,https://www.wikidata.org/wiki/Q7283483
Farhad Dejpasand,https://en.wikipedia.org/wiki/Farhad_Dejpasand,Q31066732,https://www.wikidata.org/wiki/Q31066732
Mahmoud Djam,https://en.wikipedia.org/wiki/Mahmoud_Djam,Q952389,https://www.wikidata.org/wiki/Q952389
Mehrangiz Dowlatshahi,https://en.wikipedia.org/wiki/Mehrangiz_Dowlatshahi,Q5945232,https://www.wikidata.org/wiki/Q5945232
Abbas Duzduzani,https://en.wikipedia.org/wiki/Abbas_Duzduzani,Q5766014,https://www.wikidata.org/wiki/Q5766014
Gholam-Hossein Elham,https://en.wikipedia.org/wiki/Gholam-Hossein_Elham,Q349319,https://www.wikidata.org/wiki/Q349319
Nasrollah Entezam,https://en.wikipedia.org/wiki/Nasrollah_Entezam,Q325501,https://www.wikidata.org/wiki/Q325501
Asadollah Nasr Esfahani,https://en.wikipedia.org/wiki/Asadollah_Nasr_Esfahani,Q56365248,https://www.wikidata.org/wiki/Q56365248
Hassan Esfandiari,https://en.wikipedia.org/wiki/Hassan_Esfandiari,Q5955236,https://www.wikidata.org/wiki/Q5955236
Iraj Eskandari,https://en.wikipedia.org/wiki/Iraj_Eskandari,Q2592270,https://www.wikidata.org/wiki/Q2592270
Mohammad-Reza Eskandari,https://en.wikipedia.org/wiki/Mohammad-Reza_Eskandari,Q3408664,https://www.wikidata.org/wiki/Q3408664
Mohammad Mehdi Esmaili,https://en.wikipedia.org/wiki/Mohammad_Mehdi_Esmaili,Q108368785,https://www.wikidata.org/wiki/Q108368785
Ali Espahbodi,https://en.wikipedia.org/wiki/Ali_Espahbodi,Q31067220,https://www.wikidata.org/wiki/Q31067220
Reza Farajidana,https://en.wikipedia.org/wiki/Reza_Farajidana,Q5955447,https://www.wikidata.org/wiki/Q5955447
Gholam-Ali Farivar,https://en.wikipedia.org/wiki/Gholam-Ali_Farivar,Q87990292,https://www.wikidata.org/wiki/Q87990292
Mahmoud Farshidi,https://en.wikipedia.org/wiki/Mahmoud_Farshidi,Q5716456,https://www.wikidata.org/wiki/Q5716456
Hossein Fatemi,https://en.wikipedia.org/wiki/Hossein_Fatemi,Q607154,https://www.wikidata.org/wiki/Q607154
Parviz Fattah,https://en.wikipedia.org/wiki/Parviz_Fattah,Q7141359,https://www.wikidata.org/wiki/Q7141359
Iradj Fazel,https://en.wikipedia.org/wiki/Iradj_Fazel,Q6066374,https://www.wikidata.org/wiki/Q6066374
Fereydoun Mahdavi,https://en.wikipedia.org/wiki/Fereydoun_Mahdavi,Q73130061,https://www.wikidata.org/wiki/Q73130061
Mohammad Ali Foroughi,https://en.wikipedia.org/wiki/Mohammad_Ali_Foroughi,Q181451,https://www.wikidata.org/wiki/Q181451
Dariush Forouhar,https://en.wikipedia.org/wiki/Dariush_Forouhar,Q289766,https://www.wikidata.org/wiki/Q289766
Manouchehr Ganji,https://en.wikipedia.org/wiki/Manouchehr_Ganji,Q6751461,https://www.wikidata.org/wiki/Q6751461
Hassan Ghafourifard,https://en.wikipedia.org/wiki/Hassan_Ghafourifard,Q5953640,https://www.wikidata.org/wiki/Q5953640
Mohammad Gharazi,https://en.wikipedia.org/wiki/Mohammad_Gharazi,Q5949890,https://www.wikidata.org/wiki/Q5949890
Mehdi Ghazanfari,https://en.wikipedia.org/wiki/Mehdi_Ghazanfari,Q6809299,https://www.wikidata.org/wiki/Q6809299
Mahmoud Goudarzi,https://en.wikipedia.org/wiki/Mahmoud_Goudarzi,Q15254486,https://www.wikidata.org/wiki/Q15254486
Hassan Habibi,https://en.wikipedia.org/wiki/Hassan_Habibi,Q4026369,https://www.wikidata.org/wiki/Q4026369
Kamal Habibollahi,https://en.wikipedia.org/wiki/Kamal_Habibollahi,Q4674501,https://www.wikidata.org/wiki/Q4674501
Haji Washington,https://en.wikipedia.org/wiki/Haji_Washington,Q16368897,https://www.wikidata.org/wiki/Q16368897
Morteza Haji,https://en.wikipedia.org/wiki/Morteza_Haji,Q5881672,https://www.wikidata.org/wiki/Q5881672
Abdol Hossein Hamzavi,https://en.wikipedia.org/wiki/Abdol_Hossein_Hamzavi,Q2821322,https://www.wikidata.org/wiki/Q2821322
Hassan Ghazizadeh Hashemi,https://en.wikipedia.org/wiki/Hassan_Ghazizadeh_Hashemi,Q15225223,https://www.wikidata.org/wiki/Q15225223
Abdolhossein Hazhir,https://en.wikipedia.org/wiki/Abdolhossein_Hazhir,Q308251,https://www.wikidata.org/wiki/Q308251
Mahmoud Hessabi,https://en.wikipedia.org/wiki/Mahmoud_Hessabi,Q3091734,https://www.wikidata.org/wiki/Q3091734
Dariush Homayoon,https://en.wikipedia.org/wiki/Dariush_Homayoon,Q618255,https://www.wikidata.org/wiki/Q618255
Mohammad Hosseini (politician),https://en.wikipedia.org/wiki/Mohammad_Hosseini_%28politician%29,,
Eshaq Jahangiri,https://en.wikipedia.org/wiki/Eshaq_Jahangiri,Q5397780,https://www.wikidata.org/wiki/Q5397780
Gholam Hossein Jahanshahi,https://en.wikipedia.org/wiki/Gholam_Hossein_Jahanshahi,Q5556856,https://www.wikidata.org/wiki/Q5556856
Mohammad Jahromi,https://en.wikipedia.org/wiki/Mohammad_Jahromi,Q6892089,https://www.wikidata.org/wiki/Q6892089
Ali Jannati,https://en.wikipedia.org/wiki/Ali_Jannati,Q4724914,https://www.wikidata.org/wiki/Q4724914
Amirteymour Kalali,https://en.wikipedia.org/wiki/Amirteymour_Kalali,Q6554337,https://www.wikidata.org/wiki/Q6554337
Isa Kalantari,https://en.wikipedia.org/wiki/Isa_Kalantari,Q5893510,https://www.wikidata.org/wiki/Q5893510
Mousa Kalantari,https://en.wikipedia.org/wiki/Mousa_Kalantari,Q16074711,https://www.wikidata.org/wiki/Q16074711
Hossein Kamali,https://en.wikipedia.org/wiki/Hossein_Kamali,Q5909061,https://www.wikidata.org/wiki/Q5909061
Jamal Karimi-Rad,https://en.wikipedia.org/wiki/Jamal_Karimi-Rad,Q839116,https://www.wikidata.org/wiki/Q839116
Mostafa Katiraei,https://en.wikipedia.org/wiki/Mostafa_Katiraei,Q5888828,https://www.wikidata.org/wiki/Q5888828
Bagher Kazemi,https://en.wikipedia.org/wiki/Bagher_Kazemi,Q799907,https://www.wikidata.org/wiki/Q799907
Masoud Mir Kazemi,https://en.wikipedia.org/wiki/Masoud_Mir_Kazemi,Q6783882,https://www.wikidata.org/wiki/Q6783882
Parviz Kazemi,https://en.wikipedia.org/wiki/Parviz_Kazemi,Q14472208,https://www.wikidata.org/wiki/Q14472208
Hossein Kazempour Ardebili,https://en.wikipedia.org/wiki/Hossein_Kazempour_Ardebili,Q5936210,https://www.wikidata.org/wiki/Q5936210
Fereydoun Keshavarz,https://en.wikipedia.org/wiki/Fereydoun_Keshavarz,Q50609277,https://www.wikidata.org/wiki/Q50609277
Nasser Khaleghi,https://en.wikipedia.org/wiki/Nasser_Khaleghi,Q33405322,https://www.wikidata.org/wiki/Q33405322
Abolhassan Khamoushi,https://en.wikipedia.org/wiki/Abolhassan_Khamoushi,Q47462201,https://www.wikidata.org/wiki/Q47462201
Mirza Nasrullah Khan,https://en.wikipedia.org/wiki/Mirza_Nasrullah_Khan,Q959888,https://www.wikidata.org/wiki/Q959888
Mohammad Khatami,https://en.wikipedia.org/wiki/Mohammad_Khatami,Q180795,https://www.wikidata.org/wiki/Q180795
Ahmad Khorram,https://en.wikipedia.org/wiki/Ahmad_Khorram,Q4695397,https://www.wikidata.org/wiki/Q4695397
Ataollah Khosravani,https://en.wikipedia.org/wiki/Ataollah_Khosravani,Q111670885,https://www.wikidata.org/wiki/Q111670885
Ali Larijani,https://en.wikipedia.org/wiki/Ali_Larijani,Q336363,https://www.wikidata.org/wiki/Q336363
Hossein Mahlouji,https://en.wikipedia.org/wiki/Hossein_Mahlouji,Q5613583,https://www.wikidata.org/wiki/Q5613583
Mahmud Mahmud,https://en.wikipedia.org/wiki/Mahmud_Mahmud,Q5941998,https://www.wikidata.org/wiki/Q5941998
Abdol Majid Majidi,https://en.wikipedia.org/wiki/Abdol_Majid_Majidi,Q5935453,https://www.wikidata.org/wiki/Q5935453
Reza Malekzadeh,https://en.wikipedia.org/wiki/Reza_Malekzadeh,Q7319758,https://www.wikidata.org/wiki/Q7319758
Alireza Marandi,https://en.wikipedia.org/wiki/Alireza_Marandi,Q4726884,https://www.wikidata.org/wiki/Q4726884
Ahmad Masjed-Jamei,https://en.wikipedia.org/wiki/Ahmad_Masjed-Jamei,Q4695407,https://www.wikidata.org/wiki/Q4695407
Ali Akbar Mehrabian,https://en.wikipedia.org/wiki/Ali_Akbar_Mehrabian,Q4116674,https://www.wikidata.org/wiki/Q4116674
Esmail Merat,https://en.wikipedia.org/wiki/Esmail_Merat,Q5960893,https://www.wikidata.org/wiki/Q5960893
Abdolreza Mesri,https://en.wikipedia.org/wiki/Abdolreza_Mesri,Q4665108,https://www.wikidata.org/wiki/Q4665108
Ahmad Meydari,https://en.wikipedia.org/wiki/Ahmad_Meydari,Q16047341,https://www.wikidata.org/wiki/Q16047341
Nasser Minachi,https://en.wikipedia.org/wiki/Nasser_Minachi,Q5813209,https://www.wikidata.org/wiki/Q5813209
Minister of Foreign Affairs (Iran),https://en.wikipedia.org/wiki/Minister_of_Foreign_Affairs_%28Iran%29,,
Mostafa Mir-Salim,https://en.wikipedia.org/wiki/Mostafa_Mir-Salim,Q5956077,https://www.wikidata.org/wiki/Q5956077
Nasser Moghaddam,https://en.wikipedia.org/wiki/Nasser_Moghaddam,Q1966033,https://www.wikidata.org/wiki/Q1966033
Ata'ollah Mohajerani,https://en.wikipedia.org/wiki/Ata%27ollah_Mohajerani,,
Mohammad Hadi Nejad Hosseinian,https://en.wikipedia.org/wiki/Mohammad_Hadi_Nejad_Hosseinian,Q5940124,https://www.wikidata.org/wiki/Q5940124
Mohammad Hadi Zahedivafa,https://en.wikipedia.org/wiki/Mohammad_Hadi_Zahedivafa,Q112917822,https://www.wikidata.org/wiki/Q112917822
Morteza Mohammadkhan,https://en.wikipedia.org/wiki/Morteza_Mohammadkhan,Q6914601,https://www.wikidata.org/wiki/Q6914601
Eskandar Momeni,https://en.wikipedia.org/wiki/Eskandar_Momeni,Q20109560,https://www.wikidata.org/wiki/Q20109560
Hassan Tarighat Monfared,https://en.wikipedia.org/wiki/Hassan_Tarighat_Monfared,Q5915596,https://www.wikidata.org/wiki/Q5915596
Ahmad Motamedi,https://en.wikipedia.org/wiki/Ahmad_Motamedi,Q4695421,https://www.wikidata.org/wiki/Q4695421
Behzad Nabavi,https://en.wikipedia.org/wiki/Behzad_Nabavi,Q814575,https://www.wikidata.org/wiki/Q814575
Mohammad-Ali Najafi,https://en.wikipedia.org/wiki/Mohammad-Ali_Najafi,Q6891619,https://www.wikidata.org/wiki/Q6891619
Saeed Namaki,https://en.wikipedia.org/wiki/Saeed_Namaki,Q61065168,https://www.wikidata.org/wiki/Q61065168
Mohammad-Hassan Nami,https://en.wikipedia.org/wiki/Mohammad-Hassan_Nami,Q5871050,https://www.wikidata.org/wiki/Q5871050
Majid Namjoo,https://en.wikipedia.org/wiki/Majid_Namjoo,Q6737853,https://www.wikidata.org/wiki/Q6737853
Mohammad Reza Nematzadeh,https://en.wikipedia.org/wiki/Mohammad_Reza_Nematzadeh,Q5730459,https://www.wikidata.org/wiki/Q5730459
Gholamreza Nikpey,https://en.wikipedia.org/wiki/Gholamreza_Nikpey,Q5556897,https://www.wikidata.org/wiki/Q5556897
Ali Nikzad,https://en.wikipedia.org/wiki/Ali_Nikzad,Q4725098,https://www.wikidata.org/wiki/Q4725098
Abdollah Nouri,https://en.wikipedia.org/wiki/Abdollah_Nouri,Q2821332,https://www.wikidata.org/wiki/Q2821332
Gholam-Hossein Nozari,https://en.wikipedia.org/wiki/Gholam-Hossein_Nozari,Q3408679,https://www.wikidata.org/wiki/Q3408679
Mohsen Paknejad,https://en.wikipedia.org/wiki/Mohsen_Paknejad,Q23010079,https://www.wikidata.org/wiki/Q23010079
Hassan Pakravan,https://en.wikipedia.org/wiki/Hassan_Pakravan,Q1398887,https://www.wikidata.org/wiki/Q1398887
Ali-Akbar Parvaresh,https://en.wikipedia.org/wiki/Ali-Akbar_Parvaresh,Q5946252,https://www.wikidata.org/wiki/Q5946252
Masoud Pezeshkian,https://en.wikipedia.org/wiki/Masoud_Pezeshkian,Q5933752,https://www.wikidata.org/wiki/Q5933752
Mostafa Pourmohammadi,https://en.wikipedia.org/wiki/Mostafa_Pourmohammadi,Q349311,https://www.wikidata.org/wiki/Q349311
Ali Rabii,https://en.wikipedia.org/wiki/Ali_Rabii,Q5960495,https://www.wikidata.org/wiki/Q5960495
Amir Hossein Rabii,https://en.wikipedia.org/wiki/Amir_Hossein_Rabii,Q6564866,https://www.wikidata.org/wiki/Q6564866
Mohsen Rafighdoost,https://en.wikipedia.org/wiki/Mohsen_Rafighdoost,Q6894437,https://www.wikidata.org/wiki/Q6894437
Akbar Hashemi Rafsanjani,https://en.wikipedia.org/wiki/Akbar_Hashemi_Rafsanjani,Q186111,https://www.wikidata.org/wiki/Q186111
Abdolreza Rahmani Fazli,https://en.wikipedia.org/wiki/Abdolreza_Rahmani_Fazli,Q5722618,https://www.wikidata.org/wiki/Q5722618
Mohammad Rahmati (minister),https://en.wikipedia.org/wiki/Mohammad_Rahmati_%28minister%29,,
Mohsen Rais,https://en.wikipedia.org/wiki/Mohsen_Rais,Q1668822,https://www.wikidata.org/wiki/Q1668822
Reza Fatemi Amin,https://en.wikipedia.org/wiki/Reza_Fatemi_Amin,Q109551812,https://www.wikidata.org/wiki/Q109551812
Hashem Sabbaghian,https://en.wikipedia.org/wiki/Hashem_Sabbaghian,Q1588424,https://www.wikidata.org/wiki/Q1588424
Javad Sadatinejad,https://en.wikipedia.org/wiki/Javad_Sadatinejad,Q25425402,https://www.wikidata.org/wiki/Q25425402
Ahmad Sadegh-Bonab,https://en.wikipedia.org/wiki/Ahmad_Sadegh-Bonab,Q4695454,https://www.wikidata.org/wiki/Q4695454
Gholam Hossein Sadighi,https://en.wikipedia.org/wiki/Gholam_Hossein_Sadighi,Q5556863,https://www.wikidata.org/wiki/Q5556863
Reza Sadr,https://en.wikipedia.org/wiki/Reza_Sadr,Q5909417,https://www.wikidata.org/wiki/Q5909417
Mohammad Saeedikia,https://en.wikipedia.org/wiki/Mohammad_Saeedikia,Q6892380,https://www.wikidata.org/wiki/Q6892380
Hossein Saffar Harandi,https://en.wikipedia.org/wiki/Hossein_Saffar_Harandi,Q4119181,https://www.wikidata.org/wiki/Q4119181
Nasrollah Sajjadi,https://en.wikipedia.org/wiki/Nasrollah_Sajjadi,Q16052320,https://www.wikidata.org/wiki/Q16052320
Mohammad Salamati,https://en.wikipedia.org/wiki/Mohammad_Salamati,Q33434116,https://www.wikidata.org/wiki/Q33434116
Abbas Salehi,https://en.wikipedia.org/wiki/Abbas_Salehi,Q27467049,https://www.wikidata.org/wiki/Q27467049
Kazem Sami,https://en.wikipedia.org/wiki/Kazem_Sami,Q3194452,https://www.wikidata.org/wiki/Q3194452
Hossein Sami'i,https://en.wikipedia.org/wiki/Hossein_Sami%27i,,
Abolghasem Sarhaddizadeh,https://en.wikipedia.org/wiki/Abolghasem_Sarhaddizadeh,Q5951647,https://www.wikidata.org/wiki/Q5951647
Isa Sedigh,https://en.wikipedia.org/wiki/Isa_Sedigh,Q5959967,https://www.wikidata.org/wiki/Q5959967
Ahmad Ali Sepehr,https://en.wikipedia.org/wiki/Ahmad_Ali_Sepehr,Q5960294,https://www.wikidata.org/wiki/Q5960294
Fakhreddin Shadman,https://en.wikipedia.org/wiki/Fakhreddin_Shadman,Q5958827,https://www.wikidata.org/wiki/Q5958827
Gholamreza Shafeei,https://en.wikipedia.org/wiki/Gholamreza_Shafeei,Q19979480,https://www.wikidata.org/wiki/Q19979480
Ali Shariatmadari,https://en.wikipedia.org/wiki/Ali_Shariatmadari,Q4725217,https://www.wikidata.org/wiki/Q4725217
Mohammad Shariatmadari,https://en.wikipedia.org/wiki/Mohammad_Shariatmadari,Q6892441,https://www.wikidata.org/wiki/Q6892441
Jafar Sharif-Emami,https://en.wikipedia.org/wiki/Jafar_Sharif-Emami,Q951044,https://www.wikidata.org/wiki/Q951044
Mohammad Hossein Sharifzadegan,https://en.wikipedia.org/wiki/Mohammad_Hossein_Sharifzadegan,Q5953460,https://www.wikidata.org/wiki/Q5953460
Abbas Sheibani,https://en.wikipedia.org/wiki/Abbas_Sheibani,Q5874957,https://www.wikidata.org/wiki/Q5874957
Alireza Sheikhattar,https://en.wikipedia.org/wiki/Alireza_Sheikhattar,Q1266316,https://www.wikidata.org/wiki/Q1266316
Ali-Asghar Hekmat,https://en.wikipedia.org/wiki/Ali-Asghar_Hekmat,Q6566527,https://www.wikidata.org/wiki/Q6566527
Ali Akbar Siassi,https://en.wikipedia.org/wiki/Ali_Akbar_Siassi,Q4724603,https://www.wikidata.org/wiki/Q4724603
Mohammad Soleimani,https://en.wikipedia.org/wiki/Mohammad_Soleimani,Q6892460,https://www.wikidata.org/wiki/Q6892460
Ali Soufi,https://en.wikipedia.org/wiki/Ali_Soufi,Q5728749,https://www.wikidata.org/wiki/Q5728749
Mohammad Tadayyon,https://en.wikipedia.org/wiki/Mohammad_Tadayyon,Q5956459,https://www.wikidata.org/wiki/Q5956459
Jahangir Tafazzoli,https://en.wikipedia.org/wiki/Jahangir_Tafazzoli,Q109549043,https://www.wikidata.org/wiki/Q109549043
Reza Taghipour,https://en.wikipedia.org/wiki/Reza_Taghipour,Q4392343,https://www.wikidata.org/wiki/Q4392343
Alireza Tahmasbi,https://en.wikipedia.org/wiki/Alireza_Tahmasbi,Q4726911,https://www.wikidata.org/wiki/Q4726911
Amir Abdollah Tahmasebi,https://en.wikipedia.org/wiki/Amir_Abdollah_Tahmasebi,Q308275,https://www.wikidata.org/wiki/Q308275
Hassan Taqizadeh,https://en.wikipedia.org/wiki/Hassan_Taqizadeh,Q957476,https://www.wikidata.org/wiki/Q957476
Ahmad Tavakkoli,https://en.wikipedia.org/wiki/Ahmad_Tavakkoli,Q4164150,https://www.wikidata.org/wiki/Q4164150
Abdolhossein Teymourtash,https://en.wikipedia.org/wiki/Abdolhossein_Teymourtash,Q308255,https://www.wikidata.org/wiki/Q308255
Marzieh Vahid-Dastjerdi,https://en.wikipedia.org/wiki/Marzieh_Vahid-Dastjerdi,Q461861,https://www.wikidata.org/wiki/Q461861
Ahmad Vahidi,https://en.wikipedia.org/wiki/Ahmad_Vahidi,Q48761,https://www.wikidata.org/wiki/Q48761
Parviz Varjavand,https://en.wikipedia.org/wiki/Parviz_Varjavand,Q3367081,https://www.wikidata.org/wiki/Q3367081
Ardeshir Zahedi,https://en.wikipedia.org/wiki/Ardeshir_Zahedi,Q2860731,https://www.wikidata.org/wiki/Q2860731
Mohammad Mehdi Zahedi,https://en.wikipedia.org/wiki/Mohammad_Mehdi_Zahedi,Q10290285,https://www.wikidata.org/wiki/Q10290285
Ebrahim Zand,https://en.wikipedia.org/wiki/Ebrahim_Zand,Q16046224,https://www.wikidata.org/wiki/Q16046224
Bijan Namdar Zangeneh,https://en.wikipedia.org/wiki/Bijan_Namdar_Zangeneh,Q4907167,https://www.wikidata.org/wiki/Q4907167
Moussa Zargar,https://en.wikipedia.org/wiki/Moussa_Zargar,Q108801479,https://www.wikidata.org/wiki/Q108801479
Ahmad-Hossein Adl,https://en.wikipedia.org/wiki/Ahmad-Hossein_Adl,Q6418792,https://www.wikidata.org/wiki/Q6418792
Hassan Akhavi,https://en.wikipedia.org/wiki/Hassan_Akhavi,Q18545660,https://www.wikidata.org/wiki/Q18545660
Heidar Arfaa,https://en.wikipedia.org/wiki/Heidar_Arfaa,Q5698614,https://www.wikidata.org/wiki/Q5698614
Hasan Arsanjani,https://en.wikipedia.org/wiki/Hasan_Arsanjani,Q1588572,https://www.wikidata.org/wiki/Q1588572
Mahmoud Hojjati,https://en.wikipedia.org/wiki/Mahmoud_Hojjati,Q5949189,https://www.wikidata.org/wiki/Q5949189
Sadeq Khalilian,https://en.wikipedia.org/wiki/Sadeq_Khalilian,Q5736133,https://www.wikidata.org/wiki/Q5736133
Ismail Riahi,https://en.wikipedia.org/wiki/Ismail_Riahi,Q112669182,https://www.wikidata.org/wiki/Q112669182
Mansour Rouhani,https://en.wikipedia.org/wiki/Mansour_Rouhani,Q5963087,https://www.wikidata.org/wiki/Q5963087
Khalil Taleghani,https://en.wikipedia.org/wiki/Khalil_Taleghani,Q113955844,https://www.wikidata.org/wiki/Q113955844
Iraj Vahidi,https://en.wikipedia.org/wiki/Iraj_Vahidi,Q24279253,https://www.wikidata.org/wiki/Q24279253
Sattar Hashemi,https://en.wikipedia.org/wiki/Sattar_Hashemi,Q58624154,https://www.wikidata.org/wiki/Q58624154
Mohammad-Javad Azari Jahromi,https://en.wikipedia.org/wiki/Mohammad-Javad_Azari_Jahromi,Q37423274,https://www.wikidata.org/wiki/Q37423274
Morteza Nabavi,https://en.wikipedia.org/wiki/Morteza_Nabavi,Q5930235,https://www.wikidata.org/wiki/Q5930235
Mahmoud Vaezi,https://en.wikipedia.org/wiki/Mahmoud_Vaezi,Q13551317,https://www.wikidata.org/wiki/Q13551317
Issa Zarepour,https://en.wikipedia.org/wiki/Issa_Zarepour,Q108516960,https://www.wikidata.org/wiki/Q108516960
Mehrdad Pahlbod,https://en.wikipedia.org/wiki/Mehrdad_Pahlbod,Q5674866,https://www.wikidata.org/wiki/Q5674866
Ahmad Amir-Ahmadi,https://en.wikipedia.org/wiki/Ahmad_Amir-Ahmadi,Q400598,https://www.wikidata.org/wiki/Q400598
Asadollah Sanii,https://en.wikipedia.org/wiki/Asadollah_Sanii,Q16048736,https://www.wikidata.org/wiki/Q16048736
Mohammad-Reza Gharaei Ashtiani,https://en.wikipedia.org/wiki/Mohammad-Reza_Gharaei_Ashtiani,Q65195083,https://www.wikidata.org/wiki/Q65195083
Reza Azimi,https://en.wikipedia.org/wiki/Reza_Azimi,Q5736713,https://www.wikidata.org/wiki/Q5736713
Mostafa Chamran,https://en.wikipedia.org/wiki/Mostafa_Chamran,Q720760,https://www.wikidata.org/wiki/Q720760
Hossein Dehghan,https://en.wikipedia.org/wiki/Hossein_Dehghan,Q14514593,https://www.wikidata.org/wiki/Q14514593
Mohammad Forouzandeh,https://en.wikipedia.org/wiki/Mohammad_Forouzandeh,Q6891954,https://www.wikidata.org/wiki/Q6891954
Amir Hatami,https://en.wikipedia.org/wiki/Amir_Hatami,Q25424757,https://www.wikidata.org/wiki/Q25424757
Abdollah Hedayat,https://en.wikipedia.org/wiki/Abdollah_Hedayat,Q5925267,https://www.wikidata.org/wiki/Q5925267
Mohammad Hossein Jalali,https://en.wikipedia.org/wiki/Mohammad_Hossein_Jalali,Q5684982,https://www.wikidata.org/wiki/Q5684982
Ahmad Madani,https://en.wikipedia.org/wiki/Ahmad_Madani,Q4695406,https://www.wikidata.org/wiki/Q4695406
Mostafa Mohammad-Najjar,https://en.wikipedia.org/wiki/Mostafa_Mohammad-Najjar,Q936746,https://www.wikidata.org/wiki/Q936746
Mohammad Mosaddegh,https://en.wikipedia.org/wiki/Mohammad_Mosaddegh,Q123037,https://www.wikidata.org/wiki/Q123037
Ali-Asghar Naghdi,https://en.wikipedia.org/wiki/Ali-Asghar_Naghdi,Q16049029,https://www.wikidata.org/wiki/Q16049029
Mousa Namjoo,https://en.wikipedia.org/wiki/Mousa_Namjoo,Q5939921,https://www.wikidata.org/wiki/Q5939921
Aziz Nasirzadeh,https://en.wikipedia.org/wiki/Aziz_Nasirzadeh,Q56367643,https://www.wikidata.org/wiki/Q56367643
Kamran Mirza Nayeb es-Saltaneh,https://en.wikipedia.org/wiki/Kamran_Mirza_Nayeb_es-Saltaneh,Q698708,https://www.wikidata.org/wiki/Q698708
Mohammad-Reza Rahimi (military officer),https://en.wikipedia.org/wiki/Mohammad-Reza_Rahimi_%28military_officer%29,,
Taghi Riahi,https://en.wikipedia.org/wiki/Taghi_Riahi,Q5963584,https://www.wikidata.org/wiki/Q5963584
Mohammad Salimi,https://en.wikipedia.org/wiki/Mohammad_Salimi,Q4405822,https://www.wikidata.org/wiki/Q4405822
Jafar Shafaghat,https://en.wikipedia.org/wiki/Jafar_Shafaghat,Q4521054,https://www.wikidata.org/wiki/Q4521054
Ali Shamkhani,https://en.wikipedia.org/wiki/Ali_Shamkhani,Q1391746,https://www.wikidata.org/wiki/Q1391746
Akbar Torkan,https://en.wikipedia.org/wiki/Akbar_Torkan,Q4700439,https://www.wikidata.org/wiki/Q4700439
Morteza Yazdanpanah,https://en.wikipedia.org/wiki/Morteza_Yazdanpanah,Q16045940,https://www.wikidata.org/wiki/Q16045940
Abbas Amir-Entezam,https://en.wikipedia.org/wiki/Abbas_Amir-Entezam,Q4663728,https://www.wikidata.org/wiki/Q4663728
Safi Asfia,https://en.wikipedia.org/wiki/Safi_Asfia,Q5942054,https://www.wikidata.org/wiki/Q5942054
Mohammad Hashemi Rafsanjani,https://en.wikipedia.org/wiki/Mohammad_Hashemi_Rafsanjani,Q6892004,https://www.wikidata.org/wiki/Q6892004
Sadeq Tabatabaei,https://en.wikipedia.org/wiki/Sadeq_Tabatabaei,Q1797752,https://www.wikidata.org/wiki/Q1797752
Ebrahim Yazdi,https://en.wikipedia.org/wiki/Ebrahim_Yazdi,Q981844,https://www.wikidata.org/wiki/Q981844
Alinaghi Alikhani,https://en.wikipedia.org/wiki/Alinaghi_Alikhani,Q5938582,https://www.wikidata.org/wiki/Q5938582
Hassan Ali Mehran,https://en.wikipedia.org/wiki/Hassan_Ali_Mehran,Q5691751,https://www.wikidata.org/wiki/Q5691751
Alireza Ali-Ahmadi,https://en.wikipedia.org/wiki/Alireza_Ali-Ahmadi,Q5945846,https://www.wikidata.org/wiki/Q5945846
Mohammad Reza Ameli Tehrani,https://en.wikipedia.org/wiki/Mohammad_Reza_Ameli_Tehrani,Q6892323,https://www.wikidata.org/wiki/Q6892323
Kamran Bagheri Lankarani,https://en.wikipedia.org/wiki/Kamran_Bagheri_Lankarani,Q6359580,https://www.wikidata.org/wiki/Q6359580
Mohammad-Javad Bahonar,https://en.wikipedia.org/wiki/Mohammad-Javad_Bahonar,Q722559,https://www.wikidata.org/wiki/Q722559
Mohammad Bathaei,https://en.wikipedia.org/wiki/Mohammad_Bathaei,Q27662857,https://www.wikidata.org/wiki/Q27662857
Ali-Asghar Fani,https://en.wikipedia.org/wiki/Ali-Asghar_Fani,Q15178137,https://www.wikidata.org/wiki/Q15178137
Hamid-Reza Haji Babaee,https://en.wikipedia.org/wiki/Hamid-Reza_Haji_Babaee,Q5644561,https://www.wikidata.org/wiki/Q5644561
Alireza Kazemi,https://en.wikipedia.org/wiki/Alireza_Kazemi,Q109558616,https://www.wikidata.org/wiki/Q109558616
Esmail Momtaz od-Dowleh,https://en.wikipedia.org/wiki/Esmail_Momtaz_od-Dowleh,Q1115890,https://www.wikidata.org/wiki/Q1115890
Hossein Mozaffar,https://en.wikipedia.org/wiki/Hossein_Mozaffar,Q5799486,https://www.wikidata.org/wiki/Q5799486
Mohammad-Amin Riahi,https://en.wikipedia.org/wiki/Mohammad-Amin_Riahi,Q117019,https://www.wikidata.org/wiki/Q117019
Rezamorad Sahraei,https://en.wikipedia.org/wiki/Rezamorad_Sahraei,Q117442984,https://www.wikidata.org/wiki/Q117442984
Jahanshah Saleh,https://en.wikipedia.org/wiki/Jahanshah_Saleh,Q5949996,https://www.wikidata.org/wiki/Q5949996
Ali Shayegan,https://en.wikipedia.org/wiki/Ali_Shayegan,Q4725219,https://www.wikidata.org/wiki/Q4725219
Soleiman Eskandari,https://en.wikipedia.org/wiki/Soleiman_Eskandari,Q6409388,https://www.wikidata.org/wiki/Q6409388
Abdul Hamid Zangeneh,https://en.wikipedia.org/wiki/Abdul_Hamid_Zangeneh,Q111696660,https://www.wikidata.org/wiki/Q111696660
Jamshid Amouzegar,https://en.wikipedia.org/wiki/Jamshid_Amouzegar,Q1442594,https://www.wikidata.org/wiki/Q1442594
Jahangir Amouzegar,https://en.wikipedia.org/wiki/Jahangir_Amouzegar,Q10860779,https://www.wikidata.org/wiki/Q10860779
Hushang Ansary,https://en.wikipedia.org/wiki/Hushang_Ansary,Q5949274,https://www.wikidata.org/wiki/Q5949274
Ali Ardalan,https://en.wikipedia.org/wiki/Ali_Ardalan,Q5946856,https://www.wikidata.org/wiki/Q5946856
Abolhassan Banisadr,https://en.wikipedia.org/wiki/Abolhassan_Banisadr,Q273866,https://www.wikidata.org/wiki/Q273866
Abdolhossein Behnia,https://en.wikipedia.org/wiki/Abdolhossein_Behnia,Q97304671,https://www.wikidata.org/wiki/Q97304671
Davoud Danesh-Jafari,https://en.wikipedia.org/wiki/Davoud_Danesh-Jafari,Q5242121,https://www.wikidata.org/wiki/Q5242121
Safdar Hosseini,https://en.wikipedia.org/wiki/Safdar_Hosseini,Q7398424,https://www.wikidata.org/wiki/Q7398424
Shamseddin Hosseini,https://en.wikipedia.org/wiki/Shamseddin_Hosseini,Q180840,https://www.wikidata.org/wiki/Q180840
Amir-Abbas Hoveyda,https://en.wikipedia.org/wiki/Amir-Abbas_Hoveyda,Q471970,https://www.wikidata.org/wiki/Q471970
Masoud Karbasian,https://en.wikipedia.org/wiki/Masoud_Karbasian,Q36192491,https://www.wikidata.org/wiki/Q36192491
Ehsan Khandozi,https://en.wikipedia.org/wiki/Ehsan_Khandozi,Q86710817,https://www.wikidata.org/wiki/Q86710817
Tahmasb Mazaheri,https://en.wikipedia.org/wiki/Tahmasb_Mazaheri,Q2388313,https://www.wikidata.org/wiki/Q2388313
Abolqasem Naser ol-Molk,https://en.wikipedia.org/wiki/Abolqasem_Naser_ol-Molk,Q322765,https://www.wikidata.org/wiki/Q322765
Hossein Namazi,https://en.wikipedia.org/wiki/Hossein_Namazi,Q5943355,https://www.wikidata.org/wiki/Q5943355
Mohsen Nourbakhsh,https://en.wikipedia.org/wiki/Mohsen_Nourbakhsh,Q3319157,https://www.wikidata.org/wiki/Q3319157
Ali Tayebnia,https://en.wikipedia.org/wiki/Ali_Tayebnia,Q5719915,https://www.wikidata.org/wiki/Q5719915
Mohammad Ali Varasteh,https://en.wikipedia.org/wiki/Mohammad_Ali_Varasteh,Q25426378,https://www.wikidata.org/wiki/Q25426378
Mohammad Yeganeh,https://en.wikipedia.org/wiki/Mohammad_Yeganeh,Q6892523,https://www.wikidata.org/wiki/Q6892523
Ali-Akbar Zargham,https://en.wikipedia.org/wiki/Ali-Akbar_Zargham,Q4724493,https://www.wikidata.org/wiki/Q4724493
Amir Khosrow Afshar,https://en.wikipedia.org/wiki/Amir_Khosrow_Afshar,Q472050,https://www.wikidata.org/wiki/Q472050
Hossein Ala',https://en.wikipedia.org/wiki/Hossein_Ala%27,,
Mozaffar Alam,https://en.wikipedia.org/wiki/Mozaffar_Alam,Q15633899,https://www.wikidata.org/wiki/Q15633899
Hossein Amir-Abdollahian,https://en.wikipedia.org/wiki/Hossein_Amir-Abdollahian,Q17991320,https://www.wikidata.org/wiki/Q17991320
Abbas Aram,https://en.wikipedia.org/wiki/Abbas_Aram,Q5957118,https://www.wikidata.org/wiki/Q5957118
Abdollah Entezam,https://en.wikipedia.org/wiki/Abdollah_Entezam,Q317600,https://www.wikidata.org/wiki/Q317600
Musa Nuri Esfandiari,https://en.wikipedia.org/wiki/Musa_Nuri_Esfandiari,Q16050269,https://www.wikidata.org/wiki/Q16050269
Firouz Nosrat-ed-Dowleh III,https://en.wikipedia.org/wiki/Firouz_Nosrat-ed-Dowleh_III,Q983416,https://www.wikidata.org/wiki/Q983416
Hossein Ghods-Nakhai,https://en.wikipedia.org/wiki/Hossein_Ghods-Nakhai,Q3140995,https://www.wikidata.org/wiki/Q3140995
Sadegh Ghotbzadeh,https://en.wikipedia.org/wiki/Sadegh_Ghotbzadeh,Q722527,https://www.wikidata.org/wiki/Q722527
Mirza Abolhassan Khan Ilchi,https://en.wikipedia.org/wiki/Mirza_Abolhassan_Khan_Ilchi,Q322717,https://www.wikidata.org/wiki/Q322717
Amir Kabir,https://en.wikipedia.org/wiki/Amir_Kabir,Q472054,https://www.wikidata.org/wiki/Q472054
Abbas Ali Khalatbari,https://en.wikipedia.org/wiki/Abbas_Ali_Khalatbari,Q305860,https://www.wikidata.org/wiki/Q305860
Kamal Kharazi,https://en.wikipedia.org/wiki/Kamal_Kharazi,Q435799,https://www.wikidata.org/wiki/Q435799
Karim Khodapanahi,https://en.wikipedia.org/wiki/Karim_Khodapanahi,Q15723568,https://www.wikidata.org/wiki/Q15723568
Ahmad Mirfendereski,https://en.wikipedia.org/wiki/Ahmad_Mirfendereski,Q5771526,https://www.wikidata.org/wiki/Q5771526
Mirza Hosein Khan Sepahsalar,https://en.wikipedia.org/wiki/Mirza_Hosein_Khan_Sepahsalar,Q8215953,https://www.wikidata.org/wiki/Q8215953
Mirza Masoud Ansari Garmrudi,https://en.wikipedia.org/wiki/Mirza_Masoud_Ansari_Garmrudi,Q16370241,https://www.wikidata.org/wiki/Q16370241
Mirza Mohammad-Ali Khan Shirazi,https://en.wikipedia.org/wiki/Mirza_Mohammad-Ali_Khan_Shirazi,Q16053423,https://www.wikidata.org/wiki/Q16053423
Mirza Saeed Khan Ansari,https://en.wikipedia.org/wiki/Mirza_Saeed_Khan_Ansari,Q1263487,https://www.wikidata.org/wiki/Q1263487
Mirza Yahya Khan Moshir od-Dowleh,https://en.wikipedia.org/wiki/Mirza_Yahya_Khan_Moshir_od-Dowleh,Q5958516,https://www.wikidata.org/wiki/Q5958516
Mohammad-Ali Ala ol-Saltaneh,https://en.wikipedia.org/wiki/Mohammad-Ali_Ala_ol-Saltaneh,Q466182,https://www.wikidata.org/wiki/Q466182
Manouchehr Mottaki,https://en.wikipedia.org/wiki/Manouchehr_Mottaki,Q374481,https://www.wikidata.org/wiki/Q374481
Mir-Hossein Mousavi,https://en.wikipedia.org/wiki/Mir-Hossein_Mousavi,Q217154,https://www.wikidata.org/wiki/Q217154
Abolqasem Najm,https://en.wikipedia.org/wiki/Abolqasem_Najm,Q322698,https://www.wikidata.org/wiki/Q322698
Hossein Navab,https://en.wikipedia.org/wiki/Hossein_Navab,Q16250468,https://www.wikidata.org/wiki/Q16250468
Hussein Kuli Khan Nawab,https://en.wikipedia.org/wiki/Hussein_Kuli_Khan_Nawab,Q1639051,https://www.wikidata.org/wiki/Q1639051
Neshat Esfahani,https://en.wikipedia.org/wiki/Neshat_Esfahani,Q6399773,https://www.wikidata.org/wiki/Q6399773
Mohammad-Ali Rajai,https://en.wikipedia.org/wiki/Mohammad-Ali_Rajai,Q310592,https://www.wikidata.org/wiki/Q310592
Ali Akbar Salehi,https://en.wikipedia.org/wiki/Ali_Akbar_Salehi,Q283201,https://www.wikidata.org/wiki/Q283201
Karim Sanjabi,https://en.wikipedia.org/wiki/Karim_Sanjabi,Q6370654,https://www.wikidata.org/wiki/Q6370654
Anoushirvan Sepahbodi,https://en.wikipedia.org/wiki/Anoushirvan_Sepahbodi,Q17991460,https://www.wikidata.org/wiki/Q17991460
Ali Soheili,https://en.wikipedia.org/wiki/Ali_Soheili,Q959815,https://www.wikidata.org/wiki/Q959815
Ali Akbar Velayati,https://en.wikipedia.org/wiki/Ali_Akbar_Velayati,Q439354,https://www.wikidata.org/wiki/Q439354
Fazlollah Zahedi,https://en.wikipedia.org/wiki/Fazlollah_Zahedi,Q1396878,https://www.wikidata.org/wiki/Q1396878
Mohammad Javad Zarif,https://en.wikipedia.org/wiki/Mohammad_Javad_Zarif,Q10296812,https://www.wikidata.org/wiki/Q10296812
Mohammad-Reza Zafarghandi,https://en.wikipedia.org/wiki/Mohammad-Reza_Zafarghandi,Q5704843,https://www.wikidata.org/wiki/Q5704843
Mahmoud Alavi,https://en.wikipedia.org/wiki/Mahmoud_Alavi,Q14514594,https://www.wikidata.org/wiki/Q14514594
Ghorbanali Dorri-Najafabadi,https://en.wikipedia.org/wiki/Ghorbanali_Dorri-Najafabadi,Q446785,https://www.wikidata.org/wiki/Q446785
Ali Fallahian,https://en.wikipedia.org/wiki/Ali_Fallahian,Q1399279,https://www.wikidata.org/wiki/Q1399279
Esmaeil Khatib,https://en.wikipedia.org/wiki/Esmaeil_Khatib,Q108120922,https://www.wikidata.org/wiki/Q108120922
Gholam-Hossein Mohseni-Eje'i,https://en.wikipedia.org/wiki/Gholam-Hossein_Mohseni-Eje%27i,,
Heydar Moslehi,https://en.wikipedia.org/wiki/Heydar_Moslehi,Q48762,https://www.wikidata.org/wiki/Q48762
Mohammad Reyshahri,https://en.wikipedia.org/wiki/Mohammad_Reyshahri,Q446774,https://www.wikidata.org/wiki/Q446774
Ali Younesi,https://en.wikipedia.org/wiki/Ali_Younesi,Q446553,https://www.wikidata.org/wiki/Q446553
Asadollah Alam,https://en.wikipedia.org/wiki/Asadollah_Alam,Q689394,https://www.wikidata.org/wiki/Q689394
Shamseddin Amir-Alai,https://en.wikipedia.org/wiki/Shamseddin_Amir-Alai,Q5951080,https://www.wikidata.org/wiki/Q5951080
Sadegh Amirazizi,https://en.wikipedia.org/wiki/Sadegh_Amirazizi,Q28042258,https://www.wikidata.org/wiki/Q28042258
Nader Batmanghelidj,https://en.wikipedia.org/wiki/Nader_Batmanghelidj,Q5555648,https://www.wikidata.org/wiki/Q5555648
Ali Mohammad Besharati,https://en.wikipedia.org/wiki/Ali_Mohammad_Besharati,Q5828179,https://www.wikidata.org/wiki/Q5828179
Kamran Daneshjoo,https://en.wikipedia.org/wiki/Kamran_Daneshjoo,Q6359582,https://www.wikidata.org/wiki/Q6359582
Amanullah Jahanbani,https://en.wikipedia.org/wiki/Amanullah_Jahanbani,Q4739975,https://www.wikidata.org/wiki/Q4739975
Ahmad Sayyed Javadi,https://en.wikipedia.org/wiki/Ahmad_Sayyed_Javadi,Q4695464,https://www.wikidata.org/wiki/Q4695464
Ali Kordan,https://en.wikipedia.org/wiki/Ali_Kordan,Q782792,https://www.wikidata.org/wiki/Q782792
Mohammad-Reza Mahdavi Kani,https://en.wikipedia.org/wiki/Mohammad-Reza_Mahdavi_Kani,Q722774,https://www.wikidata.org/wiki/Q722774
Sadegh Mahsouli,https://en.wikipedia.org/wiki/Sadegh_Mahsouli,Q442852,https://www.wikidata.org/wiki/Q442852
Ali Akbar Mohtashamipour,https://en.wikipedia.org/wiki/Ali_Akbar_Mohtashamipour,Q1770882,https://www.wikidata.org/wiki/Q1770882
Abdolvahed Mousavi Lari,https://en.wikipedia.org/wiki/Abdolvahed_Mousavi_Lari,Q4665113,https://www.wikidata.org/wiki/Q4665113
Ali Akbar Nategh-Nuri,https://en.wikipedia.org/wiki/Ali_Akbar_Nategh-Nuri,Q349096,https://www.wikidata.org/wiki/Q349096
Javad Sadr,https://en.wikipedia.org/wiki/Javad_Sadr,Q5798112,https://www.wikidata.org/wiki/Q5798112
Abbasqoli Khan Mo'tamed od-Dowleh Javanshir,https://en.wikipedia.org/wiki/Abbasqoli_Khan_Mo%27tamed_od-Dowleh_Javanshir,,
Fathollah Khan Akbar,https://en.wikipedia.org/wiki/Fathollah_Khan_Akbar,Q1398054,https://www.wikidata.org/wiki/Q1398054
Noureddin Alamouti,https://en.wikipedia.org/wiki/Noureddin_Alamouti,Q27063120,https://www.wikidata.org/wiki/Q27063120
Ali Reza Khan Azod-ol-Molk,https://en.wikipedia.org/wiki/Ali_Reza_Khan_Azod-ol-Molk,Q2646732,https://www.wikidata.org/wiki/Q2646732
Alireza Avayi,https://en.wikipedia.org/wiki/Alireza_Avayi,Q5732771,https://www.wikidata.org/wiki/Q5732771
Morteza Bakhtiari,https://en.wikipedia.org/wiki/Morteza_Bakhtiari,Q6914583,https://www.wikidata.org/wiki/Q6914583
Ali-Akbar Davar,https://en.wikipedia.org/wiki/Ali-Akbar_Davar,Q438979,https://www.wikidata.org/wiki/Q438979
Gholamreza Kianpour,https://en.wikipedia.org/wiki/Gholamreza_Kianpour,Q5934407,https://www.wikidata.org/wiki/Q5934407
Abdolali Lotfi,https://en.wikipedia.org/wiki/Abdolali_Lotfi,Q16051199,https://www.wikidata.org/wiki/Q16051199
Ministry of Justice (Iran),https://en.wikipedia.org/wiki/Ministry_of_Justice_%28Iran%29,,
Mohammad Baheri,https://en.wikipedia.org/wiki/Mohammad_Baheri,Q5948889,https://www.wikidata.org/wiki/Q5948889
Mohammad Naser Khan Zahir od-Dowleh,https://en.wikipedia.org/wiki/Mohammad_Naser_Khan_Zahir_od-Dowleh,Q20561432,https://www.wikidata.org/wiki/Q20561432
Amin Hossein Rahimi,https://en.wikipedia.org/wiki/Amin_Hossein_Rahimi,Q16045317,https://www.wikidata.org/wiki/Q16045317
Mohsen Sadr,https://en.wikipedia.org/wiki/Mohsen_Sadr,Q526520,https://www.wikidata.org/wiki/Q526520
Esmail Shooshtari,https://en.wikipedia.org/wiki/Esmail_Shooshtari,Q5398413,https://www.wikidata.org/wiki/Q5398413
Soleiman Khan Meykadeh,https://en.wikipedia.org/wiki/Soleiman_Khan_Meykadeh,Q18402515,https://www.wikidata.org/wiki/Q18402515
Vosugh od-Dowleh,https://en.wikipedia.org/wiki/Vosugh_od-Dowleh,Q426031,https://www.wikidata.org/wiki/Q426031
Yahya Sadeq Vaziri,https://en.wikipedia.org/wiki/Yahya_Sadeq_Vaziri,Q5961042,https://www.wikidata.org/wiki/Q5961042
Gholam Reza Aghazadeh,https://en.wikipedia.org/wiki/Gholam_Reza_Aghazadeh,Q1397212,https://www.wikidata.org/wiki/Q1397212
Rostam Ghasemi,https://en.wikipedia.org/wiki/Rostam_Ghasemi,Q3790254,https://www.wikidata.org/wiki/Q3790254
Kazem Vaziri Hamaneh,https://en.wikipedia.org/wiki/Kazem_Vaziri_Hamaneh,Q6381007,https://www.wikidata.org/wiki/Q6381007
Ali Akbar Moinfar,https://en.wikipedia.org/wiki/Ali_Akbar_Moinfar,Q4724598,https://www.wikidata.org/wiki/Q4724598
Javad Owji,https://en.wikipedia.org/wiki/Javad_Owji,Q108332006,https://www.wikidata.org/wiki/Q108332006
Mohammad Javad Tondguyan,https://en.wikipedia.org/wiki/Mohammad_Javad_Tondguyan,Q6892106,https://www.wikidata.org/wiki/Q6892106
List of prime ministers of Iran,https://en.wikipedia.org/wiki/List_of_prime_ministers_of_Iran,Q1790725,https://www.wikidata.org/wiki/Q1790725
Prime Minister of Iran,https://en.wikipedia.org/wiki/Prime_Minister_of_Iran,Q13561063,https://www.wikidata.org/wiki/Q13561063
Abol-Qasem Qa'em-Maqam,https://en.wikipedia.org/wiki/Abol-Qasem_Qa%27em-Maqam,,
Haji Mirza Aqasi,https://en.wikipedia.org/wiki/Haji_Mirza_Aqasi,Q3055730,https://www.wikidata.org/wiki/Q3055730
Mirza Ali Asghar Khan Amin al-Soltan,https://en.wikipedia.org/wiki/Mirza_Ali_Asghar_Khan_Amin_al-Soltan,Q957636,https://www.wikidata.org/wiki/Q957636
Asef al-Dowleh,https://en.wikipedia.org/wiki/Asef_al-Dowleh,Q16364440,https://www.wikidata.org/wiki/Q16364440
Gholam Reza Azhari,https://en.wikipedia.org/wiki/Gholam_Reza_Azhari,Q700668,https://www.wikidata.org/wiki/Q700668
Shapour Bakhtiar,https://en.wikipedia.org/wiki/Shapour_Bakhtiar,Q471787,https://www.wikidata.org/wiki/Q471787
Najaf-Qoli Khan Bakhtiari,https://en.wikipedia.org/wiki/Najaf-Qoli_Khan_Bakhtiari,Q981700,https://www.wikidata.org/wiki/Q981700
Morteza-Qoli Bayat,https://en.wikipedia.org/wiki/Morteza-Qoli_Bayat,Q983520,https://www.wikidata.org/wiki/Q983520
Manouchehr Eghbal,https://en.wikipedia.org/wiki/Manouchehr_Eghbal,Q876117,https://www.wikidata.org/wiki/Q876117
Abdol-Hossein Farman Farma,https://en.wikipedia.org/wiki/Abdol-Hossein_Farman_Farma,Q308243,https://www.wikidata.org/wiki/Q308243
Ebrahim Hakimi,https://en.wikipedia.org/wiki/Ebrahim_Hakimi,Q722455,https://www.wikidata.org/wiki/Q722455
Reza Hekmat,https://en.wikipedia.org/wiki/Reza_Hekmat,Q3428941,https://www.wikidata.org/wiki/Q3428941
Hossein-Qoli Nezam al-Saltaneh Mafi,https://en.wikipedia.org/wiki/Hossein-Qoli_Nezam_al-Saltaneh_Mafi,Q5691193,https://www.wikidata.org/wiki/Q5691193
Abdollah Khan Amin ol-Dowleh,https://en.wikipedia.org/wiki/Abdollah_Khan_Amin_ol-Dowleh,Q22977603,https://www.wikidata.org/wiki/Q22977603
Ali Mansur,https://en.wikipedia.org/wiki/Ali_Mansur,Q1470765,https://www.wikidata.org/wiki/Q1470765
Hassan Ali Mansur,https://en.wikipedia.org/wiki/Hassan_Ali_Mansur,Q142387,https://www.wikidata.org/wiki/Q142387
Ahmad Matin-Daftari,https://en.wikipedia.org/wiki/Ahmad_Matin-Daftari,Q400691,https://www.wikidata.org/wiki/Q400691
Mehdi Qoli Hedayat,https://en.wikipedia.org/wiki/Mehdi_Qoli_Hedayat,Q957495,https://www.wikidata.org/wiki/Q957495
Mirza Mohammad Khan Sepahsalar,https://en.wikipedia.org/wiki/Mirza_Mohammad_Khan_Sepahsalar,Q22001275,https://www.wikidata.org/wiki/Q22001275
Mirza Yusuf Ashtiani,https://en.wikipedia.org/wiki/Mirza_Yusuf_Ashtiani,Q5946187,https://www.wikidata.org/wiki/Q5946187
Abdol Majid Mirza,https://en.wikipedia.org/wiki/Abdol_Majid_Mirza,Q308247,https://www.wikidata.org/wiki/Q308247
Mirza Aqa Khan Nuri,https://en.wikipedia.org/wiki/Mirza_Aqa_Khan_Nuri,Q8216006,https://www.wikidata.org/wiki/Q8216006
Mostowfi ol-Mamalek,https://en.wikipedia.org/wiki/Mostowfi_ol-Mamalek,Q1399358,https://www.wikidata.org/wiki/Q1399358
Hassan Pirnia,https://en.wikipedia.org/wiki/Hassan_Pirnia,Q1588597,https://www.wikidata.org/wiki/Q1588597
Ahmad Qavam,https://en.wikipedia.org/wiki/Ahmad_Qavam,Q400712,https://www.wikidata.org/wiki/Q400712
Haj Ali Razmara,https://en.wikipedia.org/wiki/Haj_Ali_Razmara,Q1398936,https://www.wikidata.org/wiki/Q1398936
Mohammad Sa'ed,https://en.wikipedia.org/wiki/Mohammad_Sa%27ed,,
Javad Sa'd al-Dowleh,https://en.wikipedia.org/wiki/Javad_Sa%27d_al-Dowleh,,
Ahmad Moshir al-Saltaneh,https://en.wikipedia.org/wiki/Ahmad_Moshir_al-Saltaneh,Q6418867,https://www.wikidata.org/wiki/Q6418867
Reza Shah,https://en.wikipedia.org/wiki/Reza_Shah,Q182921,https://www.wikidata.org/wiki/Q182921
Hajji Ebrahim Shirazi,https://en.wikipedia.org/wiki/Hajji_Ebrahim_Shirazi,Q1655987,https://www.wikidata.org/wiki/Q1655987
Zia ol Din Tabatabaee,https://en.wikipedia.org/wiki/Zia_ol_Din_Tabatabaee,Q793889,https://www.wikidata.org/wiki/Q793889
Mohammad Vali Khan Khalatbari Tonekaboni,https://en.wikipedia.org/wiki/Mohammad_Vali_Khan_Khalatbari_Tonekaboni,Q179901,https://www.wikidata.org/wiki/Q179901
Mohammad Farhadi,https://en.wikipedia.org/wiki/Mohammad_Farhadi,Q5948308,https://www.wikidata.org/wiki/Q5948308
Mansour Gholami,https://en.wikipedia.org/wiki/Mansour_Gholami,Q42296409,https://www.wikidata.org/wiki/Q42296409
Seyed Zia Hashemi,https://en.wikipedia.org/wiki/Seyed_Zia_Hashemi,Q16053110,https://www.wikidata.org/wiki/Q16053110
Mostafa Moeen,https://en.wikipedia.org/wiki/Mostafa_Moeen,Q1382680,https://www.wikidata.org/wiki/Q1382680
Houchang Nahavandi,https://en.wikipedia.org/wiki/Houchang_Nahavandi,Q3141242,https://www.wikidata.org/wiki/Q3141242
Hossein Simaee Sarraf,https://en.wikipedia.org/wiki/Hossein_Simaee_Sarraf,Q85969667,https://www.wikidata.org/wiki/Q85969667
Jafar Towfighi,https://en.wikipedia.org/wiki/Jafar_Towfighi,Q6121760,https://www.wikidata.org/wiki/Q6121760
Mohammad Ali Zolfigol,https://en.wikipedia.org/wiki/Mohammad_Ali_Zolfigol,Q6891786,https://www.wikidata.org/wiki/Q6891786
Alireza Afshar,https://en.wikipedia.org/wiki/Alireza_Afshar,Q30123883,https://www.wikidata.org/wiki/Q30123883
Ali-Asghar Ahmadi,https://en.wikipedia.org/wiki/Ali-Asghar_Ahmadi,Q25424825,https://www.wikidata.org/wiki/Q25424825
Amir-Hossein Khozeimé Alam,https://en.wikipedia.org/wiki/Amir-Hossein_Khozeim%C3%A9_Alam,,
Ghassem Amoabediny,https://en.wikipedia.org/wiki/Ghassem_Amoabediny,Q91934150,https://www.wikidata.org/wiki/Q91934150
Hamid-Reza Assefi,https://en.wikipedia.org/wiki/Hamid-Reza_Assefi,Q5644557,https://www.wikidata.org/wiki/Q5644557
Mohammad Atrianfar,https://en.wikipedia.org/wiki/Mohammad_Atrianfar,Q6891859,https://www.wikidata.org/wiki/Q6891859
Morteza Bank,https://en.wikipedia.org/wiki/Morteza_Bank,Q16054078,https://www.wikidata.org/wiki/Q16054078
Ahmad Bourghani,https://en.wikipedia.org/wiki/Ahmad_Bourghani,Q240657,https://www.wikidata.org/wiki/Q240657
Gholam-Ali Haddad-Adel,https://en.wikipedia.org/wiki/Gholam-Ali_Haddad-Adel,Q1394767,https://www.wikidata.org/wiki/Q1394767
Rahmatollah Hafezi,https://en.wikipedia.org/wiki/Rahmatollah_Hafezi,Q16045832,https://www.wikidata.org/wiki/Q16045832
Pirouz Hanachi,https://en.wikipedia.org/wiki/Pirouz_Hanachi,Q30323771,https://www.wikidata.org/wiki/Q30323771
Iraj Harirchi,https://en.wikipedia.org/wiki/Iraj_Harirchi,Q86359645,https://www.wikidata.org/wiki/Q86359645
Mojtaba Samareh Hashemi,https://en.wikipedia.org/wiki/Mojtaba_Samareh_Hashemi,Q6895168,https://www.wikidata.org/wiki/Q6895168
'Ali Hijazi,https://en.wikipedia.org/wiki/%27Ali_Hijazi,,
Mohammad Ali Hosseini,https://en.wikipedia.org/wiki/Mohammad_Ali_Hosseini,Q3318915,https://www.wikidata.org/wiki/Q3318915
Nasrollah Jahangard,https://en.wikipedia.org/wiki/Nasrollah_Jahangard,Q6967329,https://www.wikidata.org/wiki/Q6967329
Saeed Jalili,https://en.wikipedia.org/wiki/Saeed_Jalili,Q635059,https://www.wikidata.org/wiki/Q635059
Sadegh Kharazi,https://en.wikipedia.org/wiki/Sadegh_Kharazi,Q7397789,https://www.wikidata.org/wiki/Q7397789
Bagher Larijani,https://en.wikipedia.org/wiki/Bagher_Larijani,Q4841852,https://www.wikidata.org/wiki/Q4841852
Mohammad-Javad Larijani,https://en.wikipedia.org/wiki/Mohammad-Javad_Larijani,Q48763,https://www.wikidata.org/wiki/Q48763
Sattar Mahmoudi,https://en.wikipedia.org/wiki/Sattar_Mahmoudi,Q37476226,https://www.wikidata.org/wiki/Q37476226
Hossein Malek-Afzali,https://en.wikipedia.org/wiki/Hossein_Malek-Afzali,Q5909082,https://www.wikidata.org/wiki/Q5909082
Reza Mansouri,https://en.wikipedia.org/wiki/Reza_Mansouri,Q7319760,https://www.wikidata.org/wiki/Q7319760
Mahmoud Mirlohi,https://en.wikipedia.org/wiki/Mahmoud_Mirlohi,Q30092658,https://www.wikidata.org/wiki/Q30092658
Morteza Moballegh,https://en.wikipedia.org/wiki/Morteza_Moballegh,Q30104893,https://www.wikidata.org/wiki/Q30104893
Mohammad-Hossein Moghimi,https://en.wikipedia.org/wiki/Mohammad-Hossein_Moghimi,Q5940268,https://www.wikidata.org/wiki/Q5940268
Abbas Mohtaj,https://en.wikipedia.org/wiki/Abbas_Mohtaj,Q25425713,https://www.wikidata.org/wiki/Q25425713
Mohammad-Ali Ramin,https://en.wikipedia.org/wiki/Mohammad-Ali_Ramin,Q835556,https://www.wikidata.org/wiki/Q835556
Reza Esfahani,https://en.wikipedia.org/wiki/Reza_Esfahani,Q5703137,https://www.wikidata.org/wiki/Q5703137
Mohsen Sazegara,https://en.wikipedia.org/wiki/Mohsen_Sazegara,Q6894447,https://www.wikidata.org/wiki/Q6894447
Saeed Shirkavand,https://en.wikipedia.org/wiki/Saeed_Shirkavand,Q7398250,https://www.wikidata.org/wiki/Q7398250
Davoud Soleymani,https://en.wikipedia.org/wiki/Davoud_Soleymani,Q5242130,https://www.wikidata.org/wiki/Q5242130
Hossein Taheri,https://en.wikipedia.org/wiki/Hossein_Taheri,Q5909147,https://www.wikidata.org/wiki/Q5909147
Mostafa Tajzadeh,https://en.wikipedia.org/wiki/Mostafa_Tajzadeh,Q3893866,https://www.wikidata.org/wiki/Q3893866
Hassan Ziari,https://en.wikipedia.org/wiki/Hassan_Ziari,Q38357842,https://www.wikidata.org/wiki/Q38357842
Mohammad Bagher Zolghadr,https://en.wikipedia.org/wiki/Mohammad_Bagher_Zolghadr,Q4193730,https://www.wikidata.org/wiki/Q4193730
Mahnaz Afkhami,https://en.wikipedia.org/wiki/Mahnaz_Afkhami,Q6734697,https://www.wikidata.org/wiki/Q6734697
Farrokhroo Parsa,https://en.wikipedia.org/wiki/Farrokhroo_Parsa,Q2986892,https://www.wikidata.org/wiki/Q2986892
Farzaneh Sadegh,https://en.wikipedia.org/wiki/Farzaneh_Sadegh,Q128900735,https://www.wikidata.org/wiki/Q128900735
2009 Iranian presidential election,https://en.wikipedia.org/wiki/2009_Iranian_presidential_election,Q143304,https://www.wikidata.org/wiki/Q143304
Premiership of Mir-Hossein Mousavi,https://en.wikipedia.org/wiki/Premiership_of_Mir-Hossein_Mousavi,Q5589253,https://www.wikidata.org/wiki/Q5589253
The Green Path of Hope,https://en.wikipedia.org/wiki/The_Green_Path_of_Hope,Q2918830,https://www.wikidata.org/wiki/Q2918830
Death of Seyed Ali Mousavi,https://en.wikipedia.org/wiki/Death_of_Seyed_Ali_Mousavi,Q5247529,https://www.wikidata.org/wiki/Q5247529
1943–1944 Iranian legislative election,https://en.wikipedia.org/wiki/1943%E2%80%931944_Iranian_legislative_election,,
1947 Iranian legislative election,https://en.wikipedia.org/wiki/1947_Iranian_legislative_election,Q6067418,https://www.wikidata.org/wiki/Q6067418
1950 Iranian legislative election,https://en.wikipedia.org/wiki/1950_Iranian_legislative_election,Q6067421,https://www.wikidata.org/wiki/Q6067421
1952 Iranian legislative election,https://en.wikipedia.org/wiki/1952_Iranian_legislative_election,Q6067425,https://www.wikidata.org/wiki/Q6067425
1952 Iranian Uprising,https://en.wikipedia.org/wiki/1952_Iranian_Uprising,Q5954158,https://www.wikidata.org/wiki/Q5954158
1953 Iranian parliamentary dissolution referendum,https://en.wikipedia.org/wiki/1953_Iranian_parliamentary_dissolution_referendum,Q4308630,https://www.wikidata.org/wiki/Q4308630
Abadan Crisis,https://en.wikipedia.org/wiki/Abadan_Crisis,Q304454,https://www.wikidata.org/wiki/Q304454
Ahmadabad-e Mosaddeq,https://en.wikipedia.org/wiki/Ahmadabad-e_Mosaddeq,Q1990216,https://www.wikidata.org/wiki/Q1990216
Governments of Mohammad Mosaddegh,https://en.wikipedia.org/wiki/Governments_of_Mohammad_Mosaddegh,Q5964451,https://www.wikidata.org/wiki/Q5964451
Iran Party,https://en.wikipedia.org/wiki/Iran_Party,Q6564359,https://www.wikidata.org/wiki/Q6564359
1953 Iranian coup d'état,https://en.wikipedia.org/wiki/1953_Iranian_coup_d%27%C3%A9tat,,
National Front (Iran),https://en.wikipedia.org/wiki/National_Front_%28Iran%29,,
Nationalization of the Iranian oil industry,https://en.wikipedia.org/wiki/Nationalization_of_the_Iranian_oil_industry,Q5962148,https://www.wikidata.org/wiki/Q5962148
Mostowfian Ashtiani family,https://en.wikipedia.org/wiki/Mostowfian_Ashtiani_family,Q31069796,https://www.wikidata.org/wiki/Q31069796
Mirza Mohammad Qavam al-Dawla,https://en.wikipedia.org/wiki/Mirza_Mohammad_Qavam_al-Dawla,Q5684571,https://www.wikidata.org/wiki/Q5684571
Ali Akbar Qavam ol-Molk,https://en.wikipedia.org/wiki/Ali_Akbar_Qavam_ol-Molk,Q56364553,https://www.wikidata.org/wiki/Q56364553
Fath-Ali Khan Saheb Divan,https://en.wikipedia.org/wiki/Fath-Ali_Khan_Saheb_Divan,Q56364557,https://www.wikidata.org/wiki/Q56364557
Mirza Hasan Ali Nasir ol-Molk,https://en.wikipedia.org/wiki/Mirza_Hasan_Ali_Nasir_ol-Molk,Q5957165,https://www.wikidata.org/wiki/Q5957165
Qavam family,https://en.wikipedia.org/wiki/Qavam_family,Q6413528,https://www.wikidata.org/wiki/Q6413528
Turan Amirsoleimani,https://en.wikipedia.org/wiki/Turan_Amirsoleimani,Q6415357,https://www.wikidata.org/wiki/Q6415357
Esmat Dowlatshahi,https://en.wikipedia.org/wiki/Esmat_Dowlatshahi,Q5950446,https://www.wikidata.org/wiki/Q5950446
Ezzat ed-Dowleh,https://en.wikipedia.org/wiki/Ezzat_ed-Dowleh,Q5944064,https://www.wikidata.org/wiki/Q5944064
Tadj ol-Molouk,https://en.wikipedia.org/wiki/Tadj_ol-Molouk,Q2339098,https://www.wikidata.org/wiki/Q2339098
Zahra Rahnavard,https://en.wikipedia.org/wiki/Zahra_Rahnavard,Q144195,https://www.wikidata.org/wiki/Q144195
Hesamodin Ashna,https://en.wikipedia.org/wiki/Hesamodin_Ashna,Q5679044,https://www.wikidata.org/wiki/Q5679044
Saeed Emami,https://en.wikipedia.org/wiki/Saeed_Emami,Q2212137,https://www.wikidata.org/wiki/Q2212137
Hossein Fereydoun,https://en.wikipedia.org/wiki/Hossein_Fereydoun,Q16051127,https://www.wikidata.org/wiki/Q16051127
Saeed Hajjarian,https://en.wikipedia.org/wiki/Saeed_Hajjarian,Q349095,https://www.wikidata.org/wiki/Q349095
Mohammad Hashemi,https://en.wikipedia.org/wiki/Mohammad_Hashemi,Q6892001,https://www.wikidata.org/wiki/Q6892001
Ruhollah Hosseinian,https://en.wikipedia.org/wiki/Ruhollah_Hosseinian,Q7378678,https://www.wikidata.org/wiki/Q7378678
Farhad Rahbar,https://en.wikipedia.org/wiki/Farhad_Rahbar,Q5435150,https://www.wikidata.org/wiki/Q5435150
Reza Salehi Amiri,https://en.wikipedia.org/wiki/Reza_Salehi_Amiri,Q16046461,https://www.wikidata.org/wiki/Q16046461
