Name,Wikipedia_Link
Meisam Amini,https://en.wikipedia.org/wiki/Meisam_Amini
Ataullah Behmanesh,https://en.wikipedia.org/wiki/Ataullah_Behmanesh
Hamzeh Ali Pahlevanpour,https://en.wikipedia.org/wiki/Hamzeh_Ali_Pahlevanpour
Khalil Oghab,https://en.wikipedia.org/wiki/Khalil_Oghab
Reza Beyk Imanverdi,https://en.wikipedia.org/wiki/Reza_Beyk_Imanverdi
Kamal Shalorus,https://en.wikipedia.org/wiki/Kamal_Shalorus
Pahlevan of Iran,https://en.wikipedia.org/wiki/Pahlevan_of_Iran
Ayoub Baninosrat,https://en.wikipedia.org/wiki/Ayoub_Baninosrat
Parviz Hadi,https://en.wikipedia.org/wiki/Parviz_Hadi
Fardin Masoumi,https://en.wikipedia.org/wiki/Fardin_Masoumi
Mansour Mehdizadeh,https://en.wikipedia.org/wiki/Mansour_Mehdizadeh
Mahmoud Miran,https://en.wikipedia.org/wiki/Mahmoud_Miran
Abolghasem Sakhdari,https://en.wikipedia.org/wiki/Abolghasem_Sakhdari
Alireza Soleimani,https://en.wikipedia.org/wiki/Alireza_Soleimani
Reza Soukhtehsaraei,https://en.wikipedia.org/wiki/Reza_Soukhtehsaraei
Gholamreza Takhti,https://en.wikipedia.org/wiki/Gholamreza_Takhti
Abbas Zandi,https://en.wikipedia.org/wiki/Abbas_Zandi
List of Iranian Pahlevani armband holders,https://en.wikipedia.org/wiki/List_of_Iranian_Pahlevani_armband_holders
Ariya Daivari,https://en.wikipedia.org/wiki/Ariya_Daivari
Shawn Daivari,https://en.wikipedia.org/wiki/Shawn_Daivari
Matt Ghaffari,https://en.wikipedia.org/wiki/Matt_Ghaffari
The Iron Sheik,https://en.wikipedia.org/wiki/The_Iron_Sheik
Alireza Abdevali,https://en.wikipedia.org/wiki/Alireza_Abdevali
Saeid Abdevali,https://en.wikipedia.org/wiki/Saeid_Abdevali
Davoud Abedinzadeh,https://en.wikipedia.org/wiki/Davoud_Abedinzadeh
Ahmad Afghan,https://en.wikipedia.org/wiki/Ahmad_Afghan
Execution of Navid Afkari,https://en.wikipedia.org/wiki/Execution_of_Navid_Afkari
Payam Ahmadi,https://en.wikipedia.org/wiki/Payam_Ahmadi
Ezzatollah Akbari,https://en.wikipedia.org/wiki/Ezzatollah_Akbari
Hashem Akbarian,https://en.wikipedia.org/wiki/Hashem_Akbarian
Ali Akbarnejad,https://en.wikipedia.org/wiki/Ali_Akbarnejad
Habibollah Akhlaghi,https://en.wikipedia.org/wiki/Habibollah_Akhlaghi
Rahim Aliabadi,https://en.wikipedia.org/wiki/Rahim_Aliabadi
Amir Aliakbari,https://en.wikipedia.org/wiki/Amir_Aliakbari
Mehdi Aliyari,https://en.wikipedia.org/wiki/Mehdi_Aliyari
Farshad Alizadeh,https://en.wikipedia.org/wiki/Farshad_Alizadeh
Firouz Alizadeh,https://en.wikipedia.org/wiki/Firouz_Alizadeh
Jafar Alizadeh,https://en.wikipedia.org/wiki/Jafar_Alizadeh
Nasser Alizadeh,https://en.wikipedia.org/wiki/Nasser_Alizadeh
Ehsan Amini,https://en.wikipedia.org/wiki/Ehsan_Amini
Erfan Amiri,https://en.wikipedia.org/wiki/Erfan_Amiri
Jasem Amiri,https://en.wikipedia.org/wiki/Jasem_Amiri
Makwan Amirkhani,https://en.wikipedia.org/wiki/Makwan_Amirkhani
Rahman Amouzad,https://en.wikipedia.org/wiki/Rahman_Amouzad
Reza Andouz,https://en.wikipedia.org/wiki/Reza_Andouz
Abolfazl Anvari,https://en.wikipedia.org/wiki/Abolfazl_Anvari
Ali Ashkani,https://en.wikipedia.org/wiki/Ali_Ashkani
Reza Atri,https://en.wikipedia.org/wiki/Reza_Atri
Amir Ali Azarpira,https://en.wikipedia.org/wiki/Amir_Ali_Azarpira
Mohammad Mobin Azimi,https://en.wikipedia.org/wiki/Mohammad_Mobin_Azimi
Bashir Babajanzadeh,https://en.wikipedia.org/wiki/Bashir_Babajanzadeh
Hassan Babak,https://en.wikipedia.org/wiki/Hassan_Babak
Shahin Badaghi,https://en.wikipedia.org/wiki/Shahin_Badaghi
Mehdi Bali,https://en.wikipedia.org/wiki/Mehdi_Bali
Mohammad Bana,https://en.wikipedia.org/wiki/Mohammad_Bana
Ali Banihashemi,https://en.wikipedia.org/wiki/Ali_Banihashemi
Mansour Barzegar,https://en.wikipedia.org/wiki/Mansour_Barzegar
Sajjad Barzi,https://en.wikipedia.org/wiki/Sajjad_Barzi
Mohammad Bazmavar,https://en.wikipedia.org/wiki/Mohammad_Bazmavar
Ali Asghar Bazri,https://en.wikipedia.org/wiki/Ali_Asghar_Bazri
Afshin Biabangard,https://en.wikipedia.org/wiki/Afshin_Biabangard
Peiman Biabani,https://en.wikipedia.org/wiki/Peiman_Biabani
Soleyman Binafard,https://en.wikipedia.org/wiki/Soleyman_Binafard
Payam Boveiri,https://en.wikipedia.org/wiki/Payam_Boveiri
Abdollah Chamangoli,https://en.wikipedia.org/wiki/Abdollah_Chamangoli
Abbas Dabbaghi,https://en.wikipedia.org/wiki/Abbas_Dabbaghi
Alireza Dabir,https://en.wikipedia.org/wiki/Alireza_Dabir
Pouya Dadmarz,https://en.wikipedia.org/wiki/Pouya_Dadmarz
Mohammad Dalirian,https://en.wikipedia.org/wiki/Mohammad_Dalirian
Meisam Dalkhani,https://en.wikipedia.org/wiki/Meisam_Dalkhani
Pejman Dorostkar,https://en.wikipedia.org/wiki/Pejman_Dorostkar
Saeid Ebrahimi,https://en.wikipedia.org/wiki/Saeid_Ebrahimi
Abbas Ebrahimzadeh,https://en.wikipedia.org/wiki/Abbas_Ebrahimzadeh
Behnam Ehsanpour,https://en.wikipedia.org/wiki/Behnam_Ehsanpour
Younes Emami,https://en.wikipedia.org/wiki/Younes_Emami
Moslem Eskandar-Filabi,https://en.wikipedia.org/wiki/Moslem_Eskandar-Filabi
Saeid Esmaeili,https://en.wikipedia.org/wiki/Saeid_Esmaeili
Masoud Esmaeilpour,https://en.wikipedia.org/wiki/Masoud_Esmaeilpour
Mohammad Faghiri,https://en.wikipedia.org/wiki/Mohammad_Faghiri
Akbar Fallah,https://en.wikipedia.org/wiki/Akbar_Fallah
Mohsen Farahvashi,https://en.wikipedia.org/wiki/Mohsen_Farahvashi
Mohammad Ali Fardin,https://en.wikipedia.org/wiki/Mohammad_Ali_Fardin
Mohammad Farhangdoust,https://en.wikipedia.org/wiki/Mohammad_Farhangdoust
Gholamreza Farrokhi,https://en.wikipedia.org/wiki/Gholamreza_Farrokhi
Mohammad Ali Farrokhian,https://en.wikipedia.org/wiki/Mohammad_Ali_Farrokhian
Habib Fatahi,https://en.wikipedia.org/wiki/Habib_Fatahi
Amir Hossein Firouzpour,https://en.wikipedia.org/wiki/Amir_Hossein_Firouzpour
Mohammad Sadegh Firouzpour,https://en.wikipedia.org/wiki/Mohammad_Sadegh_Firouzpour
Mohammadali Geraei,https://en.wikipedia.org/wiki/Mohammadali_Geraei
Mohammad Reza Geraei,https://en.wikipedia.org/wiki/Mohammad_Reza_Geraei
Yousef Ghaderian,https://en.wikipedia.org/wiki/Yousef_Ghaderian
Masoud Ghadimi,https://en.wikipedia.org/wiki/Masoud_Ghadimi
Ali Ghaffari,https://en.wikipedia.org/wiki/Ali_Ghaffari
Davoud Ghanbari,https://en.wikipedia.org/wiki/Davoud_Ghanbari
Fereydoun Ghanbari,https://en.wikipedia.org/wiki/Fereydoun_Ghanbari
Komeil Ghasemi,https://en.wikipedia.org/wiki/Komeil_Ghasemi
Kamran Ghasempour,https://en.wikipedia.org/wiki/Kamran_Ghasempour
Gholamreza Ghassab,https://en.wikipedia.org/wiki/Gholamreza_Ghassab
Alireza Ghelichkhani,https://en.wikipedia.org/wiki/Alireza_Ghelichkhani
Morteza Ghiasi,https://en.wikipedia.org/wiki/Morteza_Ghiasi
Kazem Gholami,https://en.wikipedia.org/wiki/Kazem_Gholami
Babak Ghorbani,https://en.wikipedia.org/wiki/Babak_Ghorbani
Mohammad Ghorbani (wrestler),https://en.wikipedia.org/wiki/Mohammad_Ghorbani_%28wrestler%29
Nasser Givehchi,https://en.wikipedia.org/wiki/Nasser_Givehchi
Mojtaba Goleij,https://en.wikipedia.org/wiki/Mojtaba_Goleij
Mahmoud Goudarzi,https://en.wikipedia.org/wiki/Mahmoud_Goudarzi
Sadegh Goudarzi,https://en.wikipedia.org/wiki/Sadegh_Goudarzi
Emam-Ali Habibi,https://en.wikipedia.org/wiki/Emam-Ali_Habibi
Ali Hajiloo,https://en.wikipedia.org/wiki/Ali_Hajiloo
Mohsen Hajipour,https://en.wikipedia.org/wiki/Mohsen_Hajipour
Mehdi Hajizadeh,https://en.wikipedia.org/wiki/Mehdi_Hajizadeh
Abbas Hajkenari,https://en.wikipedia.org/wiki/Abbas_Hajkenari
Masoud Hashemzadeh,https://en.wikipedia.org/wiki/Masoud_Hashemzadeh
Mansour Hazrati,https://en.wikipedia.org/wiki/Mansour_Hazrati
Fardin Hedayati,https://en.wikipedia.org/wiki/Fardin_Hedayati
Ali Akbar Heidari,https://en.wikipedia.org/wiki/Ali_Akbar_Heidari
Alireza Heidari,https://en.wikipedia.org/wiki/Alireza_Heidari
Mostafa Hosseinkhani,https://en.wikipedia.org/wiki/Mostafa_Hosseinkhani
Mehdi Houryar,https://en.wikipedia.org/wiki/Mehdi_Houryar
Abolhassan Ilchi-Kabir,https://en.wikipedia.org/wiki/Abolhassan_Ilchi-Kabir
Abbas Jadidi,https://en.wikipedia.org/wiki/Abbas_Jadidi
Tofigh Jahanbakht,https://en.wikipedia.org/wiki/Tofigh_Jahanbakht
Majid Jahandideh,https://en.wikipedia.org/wiki/Majid_Jahandideh
Behrouz Jamshidi,https://en.wikipedia.org/wiki/Behrouz_Jamshidi
Ebrahim Javadi,https://en.wikipedia.org/wiki/Ebrahim_Javadi
Ahmad Javan,https://en.wikipedia.org/wiki/Ahmad_Javan
Ahad Javansalehi,https://en.wikipedia.org/wiki/Ahad_Javansalehi
Abdolkarim Kakahaji,https://en.wikipedia.org/wiki/Abdolkarim_Kakahaji
Mojtaba Karimfar,https://en.wikipedia.org/wiki/Mojtaba_Karimfar
Alireza Karimi,https://en.wikipedia.org/wiki/Alireza_Karimi
Amin Kavianinejad,https://en.wikipedia.org/wiki/Amin_Kavianinejad
Mohammad Mehdi Keshtkar,https://en.wikipedia.org/wiki/Mohammad_Mehdi_Keshtkar
Amir Reza Khadem,https://en.wikipedia.org/wiki/Amir_Reza_Khadem
Mohammad Khadem,https://en.wikipedia.org/wiki/Mohammad_Khadem
Rasoul Khadem,https://en.wikipedia.org/wiki/Rasoul_Khadem
Ramezan Kheder,https://en.wikipedia.org/wiki/Ramezan_Kheder
Abdollah Khodabandeh,https://en.wikipedia.org/wiki/Abdollah_Khodabandeh
Majid Khodaei,https://en.wikipedia.org/wiki/Majid_Khodaei
Mohammad Ali Khojastehpour,https://en.wikipedia.org/wiki/Mohammad_Ali_Khojastehpour
Mohammad Khorrami (wrestler),https://en.wikipedia.org/wiki/Mohammad_Khorrami_%28wrestler%29
Reza Khorrami,https://en.wikipedia.org/wiki/Reza_Khorrami
Iraj Khorshidfar,https://en.wikipedia.org/wiki/Iraj_Khorshidfar
Ahmad Khoshouei,https://en.wikipedia.org/wiki/Ahmad_Khoshouei
Hashem Kolahi,https://en.wikipedia.org/wiki/Hashem_Kolahi
Ehsan Lashgari,https://en.wikipedia.org/wiki/Ehsan_Lashgari
Iman Mahdavi,https://en.wikipedia.org/wiki/Iman_Mahdavi
Oveis Mallah,https://en.wikipedia.org/wiki/Oveis_Mallah
Mehrdad Mardani,https://en.wikipedia.org/wiki/Mehrdad_Mardani
Amir Reza Masoumi,https://en.wikipedia.org/wiki/Amir_Reza_Masoumi
Ebrahim Mehraban,https://en.wikipedia.org/wiki/Ebrahim_Mehraban
Mansour Mirghavami,https://en.wikipedia.org/wiki/Mansour_Mirghavami
Rasoul Mirmalek,https://en.wikipedia.org/wiki/Rasoul_Mirmalek
Amin Mirzazadeh,https://en.wikipedia.org/wiki/Amin_Mirzazadeh
Hossein Moarreb,https://en.wikipedia.org/wiki/Hossein_Moarreb
Ahmad Mohammadi,https://en.wikipedia.org/wiki/Ahmad_Mohammadi
Ali Mohammadi (wrestler),https://en.wikipedia.org/wiki/Ali_Mohammadi_%28wrestler%29
Gholamreza Mohammadi,https://en.wikipedia.org/wiki/Gholamreza_Mohammadi
Iman Mohammadi,https://en.wikipedia.org/wiki/Iman_Mohammadi
Morad Mohammadi,https://en.wikipedia.org/wiki/Morad_Mohammadi
Askari Mohammadian,https://en.wikipedia.org/wiki/Askari_Mohammadian
Mohammad Hossein Mohammadian,https://en.wikipedia.org/wiki/Mohammad_Hossein_Mohammadian
Mohammad Hassan Mohebbi,https://en.wikipedia.org/wiki/Mohammad_Hassan_Mohebbi
Mohammad Hossein Mohebbi,https://en.wikipedia.org/wiki/Mohammad_Hossein_Mohebbi
Yadollah Mohebbi,https://en.wikipedia.org/wiki/Yadollah_Mohebbi
Alireza Mohmadi,https://en.wikipedia.org/wiki/Alireza_Mohmadi
Mehdi Mohsennejad,https://en.wikipedia.org/wiki/Mehdi_Mohsennejad
Abdollah Mojtabavi,https://en.wikipedia.org/wiki/Abdollah_Mojtabavi
Mohammad Reza Mokhtari,https://en.wikipedia.org/wiki/Mohammad_Reza_Mokhtari
Hossein Mollaghasemi,https://en.wikipedia.org/wiki/Hossein_Mollaghasemi
Mahmoud Mollaghasemi,https://en.wikipedia.org/wiki/Mahmoud_Mollaghasemi
Ali Mohammad Momeni,https://en.wikipedia.org/wiki/Ali_Mohammad_Momeni
Issa Momeni,https://en.wikipedia.org/wiki/Issa_Momeni
Houshang Montazeralzohour,https://en.wikipedia.org/wiki/Houshang_Montazeralzohour
Mehdi Moradi Ganjeh,https://en.wikipedia.org/wiki/Mehdi_Moradi_Ganjeh
Amir Abbas Moradi Ganji,https://en.wikipedia.org/wiki/Amir_Abbas_Moradi_Ganji
Bahram Moshtaghi,https://en.wikipedia.org/wiki/Bahram_Moshtaghi
Masoud Mostafa-Jokar,https://en.wikipedia.org/wiki/Masoud_Mostafa-Jokar
Meisam Mostafa-Jokar,https://en.wikipedia.org/wiki/Meisam_Mostafa-Jokar
Abdollah Movahed,https://en.wikipedia.org/wiki/Abdollah_Movahed
Mohammad Naghousi,https://en.wikipedia.org/wiki/Mohammad_Naghousi
Meisam Nassiri,https://en.wikipedia.org/wiki/Meisam_Nassiri
Mohammad Reza Navaei,https://en.wikipedia.org/wiki/Mohammad_Reza_Navaei
Alireza Nejati,https://en.wikipedia.org/wiki/Alireza_Nejati
Taleb Nematpour,https://en.wikipedia.org/wiki/Taleb_Nematpour
Khosro Nezafatdoust,https://en.wikipedia.org/wiki/Khosro_Nezafatdoust
Mohammad Nokhodi,https://en.wikipedia.org/wiki/Mohammad_Nokhodi
Omid Norouzi,https://en.wikipedia.org/wiki/Omid_Norouzi
"Hossein Nouri (wrestler, born 1931)",https://en.wikipedia.org/wiki/Hossein_Nouri_%28wrestler%2C_born_1931%29
"Hossein Nouri (wrestler, born 1990)",https://en.wikipedia.org/wiki/Hossein_Nouri_%28wrestler%2C_born_1990%29
Babak Nourzad,https://en.wikipedia.org/wiki/Babak_Nourzad
Abdolmohammad Papi,https://en.wikipedia.org/wiki/Abdolmohammad_Papi
Sardar Pashaei,https://en.wikipedia.org/wiki/Sardar_Pashaei
Ahad Pazaj,https://en.wikipedia.org/wiki/Ahad_Pazaj
Mohammad Paziraei,https://en.wikipedia.org/wiki/Mohammad_Paziraei
Pejman Poshtam,https://en.wikipedia.org/wiki/Pejman_Poshtam
Mansour Raeisi,https://en.wikipedia.org/wiki/Mansour_Raeisi
Karim Raeisinia,https://en.wikipedia.org/wiki/Karim_Raeisinia
Hassan Rahimi,https://en.wikipedia.org/wiki/Hassan_Rahimi
Abolfazl Rahmani,https://en.wikipedia.org/wiki/Abolfazl_Rahmani
Nader Rahmati,https://en.wikipedia.org/wiki/Nader_Rahmati
Hassan Rangraz,https://en.wikipedia.org/wiki/Hassan_Rangraz
Khalil Rashid-Mohammadzadeh,https://en.wikipedia.org/wiki/Khalil_Rashid-Mohammadzadeh
Alireza Rezaei,https://en.wikipedia.org/wiki/Alireza_Rezaei
Ghasem Rezaei,https://en.wikipedia.org/wiki/Ghasem_Rezaei
"Mohammad Rezaei (wrestler, born 1958)",https://en.wikipedia.org/wiki/Mohammad_Rezaei_%28wrestler%2C_born_1958%29
"Mohammad Rezaei (wrestler, born 1978)",https://en.wikipedia.org/wiki/Mohammad_Rezaei_%28wrestler%2C_born_1978%29
Sobhan Rouhi,https://en.wikipedia.org/wiki/Sobhan_Rouhi
Hassan Saadian,https://en.wikipedia.org/wiki/Hassan_Saadian
Mohammad Ali Sanatkaran,https://en.wikipedia.org/wiki/Mohammad_Ali_Sanatkaran
Mohammad Hadi Saravi,https://en.wikipedia.org/wiki/Mohammad_Hadi_Saravi
Alireza Sarlak,https://en.wikipedia.org/wiki/Alireza_Sarlak
Younes Sarmasti,https://en.wikipedia.org/wiki/Younes_Sarmasti
Ali Savadkouhi,https://en.wikipedia.org/wiki/Ali_Savadkouhi
Ebrahim Seifpour,https://en.wikipedia.org/wiki/Ebrahim_Seifpour
Shamseddin Seyed-Abbasi,https://en.wikipedia.org/wiki/Shamseddin_Seyed-Abbasi
Ali Shabani,https://en.wikipedia.org/wiki/Ali_Shabani
Siavash Shafizadeh,https://en.wikipedia.org/wiki/Siavash_Shafizadeh
Sabah Shariati,https://en.wikipedia.org/wiki/Sabah_Shariati
Mehran Sheikhi,https://en.wikipedia.org/wiki/Mehran_Sheikhi
Morad Ali Shirani,https://en.wikipedia.org/wiki/Morad_Ali_Shirani
Yaghoub Ali Shourvarzi,https://en.wikipedia.org/wiki/Yaghoub_Ali_Shourvarzi
Reza Simkhah,https://en.wikipedia.org/wiki/Reza_Simkhah
Sina Khalili,https://en.wikipedia.org/wiki/Sina_Khalili
Danial Sohrabi,https://en.wikipedia.org/wiki/Danial_Sohrabi
Nasrollah Soltaninejad,https://en.wikipedia.org/wiki/Nasrollah_Soltaninejad
Nabi Sorouri,https://en.wikipedia.org/wiki/Nabi_Sorouri
Hamid Sourian,https://en.wikipedia.org/wiki/Hamid_Sourian
Mehdi Taghavi,https://en.wikipedia.org/wiki/Mehdi_Taghavi
Hossein Tahami,https://en.wikipedia.org/wiki/Hossein_Tahami
Amin Taheri,https://en.wikipedia.org/wiki/Amin_Taheri
Ramin Taheri,https://en.wikipedia.org/wiki/Ramin_Taheri
Saman Tahmasebi,https://en.wikipedia.org/wiki/Saman_Tahmasebi
Mostafa Tajik,https://en.wikipedia.org/wiki/Mostafa_Tajik
Mohammad Talaei,https://en.wikipedia.org/wiki/Mohammad_Talaei
Aboutaleb Talebi,https://en.wikipedia.org/wiki/Aboutaleb_Talebi
Hamid Tavakkol,https://en.wikipedia.org/wiki/Hamid_Tavakkol
Amir Tavakkolian,https://en.wikipedia.org/wiki/Amir_Tavakkolian
Hooman Tavakolian,https://en.wikipedia.org/wiki/Hooman_Tavakolian
Behnam Tayyebi,https://en.wikipedia.org/wiki/Behnam_Tayyebi
Majid Torkan,https://en.wikipedia.org/wiki/Majid_Torkan
Mohammad Reza Tupchi,https://en.wikipedia.org/wiki/Mohammad_Reza_Tupchi
Ahmad Vafadar,https://en.wikipedia.org/wiki/Ahmad_Vafadar
Ayat Vagozari,https://en.wikipedia.org/wiki/Ayat_Vagozari
Pourya-ye Vali,https://en.wikipedia.org/wiki/Pourya-ye_Vali
Jamal Valizadeh,https://en.wikipedia.org/wiki/Jamal_Valizadeh
Milad Valizadeh,https://en.wikipedia.org/wiki/Milad_Valizadeh
Mehdi Yaghoubi,https://en.wikipedia.org/wiki/Mehdi_Yaghoubi
Javad Yasari,https://en.wikipedia.org/wiki/Javad_Yasari
Yasin Yazdi,https://en.wikipedia.org/wiki/Yasin_Yazdi
Amir Mohammad Yazdani,https://en.wikipedia.org/wiki/Amir_Mohammad_Yazdani
Hassan Yazdani,https://en.wikipedia.org/wiki/Hassan_Yazdani
Reza Yazdani,https://en.wikipedia.org/wiki/Reza_Yazdani
Hassan Yousefi Afshar,https://en.wikipedia.org/wiki/Hassan_Yousefi_Afshar
Ali Akbar Yousefi (wrestler),https://en.wikipedia.org/wiki/Ali_Akbar_Yousefi_%28wrestler%29
Mehdi Yousefi,https://en.wikipedia.org/wiki/Mehdi_Yousefi
Navid Zanganeh,https://en.wikipedia.org/wiki/Navid_Zanganeh
Amir Hossein Zare,https://en.wikipedia.org/wiki/Amir_Hossein_Zare
Parviz Zeidvand,https://en.wikipedia.org/wiki/Parviz_Zeidvand
Nasser Zeinalnia,https://en.wikipedia.org/wiki/Nasser_Zeinalnia
Asghar Zoghian,https://en.wikipedia.org/wiki/Asghar_Zoghian
Template:Iran-wrestling-bio-stub,https://en.wikipedia.org/wiki/Template%3AIran-wrestling-bio-stub
