Twitter_username,Full_Name,Followers_Collected,Following_Collected,Error,wikidata_qid,Twitter_url
amir_jadidi,Amir Jadidi,68,43,,,https://x.com/amir_jadidi
OAradwinwin,Official.ARADWINWIN,60,78,,,https://x.com/OAradwinwin
aydenmayeri,,10,10,,,https://x.com/aydenmayeri
davood_eldeniz,dr. eldeniz,80,61,,,https://x.com/davood_eldeniz
BitaAlahyan,Bita Alahyan,39,80,,,https://x.com/BitaAlahyan
dastournezhad,Boshra Dastournezhad,62,10,,,https://x.com/dastournezhad
_iamnaaz_,Elnaaz Norouzi,64,80,,,https://x.com/_iamnaaz_
LivinginTehran,Living in Tehran (LiT),80,80,,,https://x.com/LivinginTehran
FreemaOfficial,Freema Agyeman,73,80,,,https://x.com/FreemaOfficial
Golshifteh,Golshifteh Farahani,80,80,,,https://x.com/Golshifteh
HurieMoghadam,Hurie Moghadam,13,12,,,https://x.com/HurieMoghadam
MrKheiron,Kheiron,80,80,,,https://x.com/MrKheiron
MahlaghaJaberi,Mahlagha,60,62,,,https://x.com/MahlaghaJaberi
AfsharMahnaz,,10,10,,,https://x.com/AfsharMahnaz
manizhe,Mandana karimi,65,55,,,https://x.com/manizhe
Walklikeakhan,,10,10,,,https://x.com/Walklikeakhan
MaryamZakaria,Maryam Zakaria,64,79,,,https://x.com/MaryamZakaria
MehrdadRaissi,Mehrdad Raissi,62,62,,,https://x.com/MehrdadRaissi
MoeBarEl1,Moe Bar-El,10,11,,,https://x.com/MoeBarEl1
NavidNegahban,Navid Negahban,68,80,,,https://x.com/NavidNegahban
thirst,thirst,66,80,,,https://x.com/thirst
NazaninNour,Nazanin Nour,80,80,,,https://x.com/NazaninNour
AbtahiOmid,Omid Abtahi,64,74,,,https://x.com/AbtahiOmid
apps,,5,5,,,https://x.com/apps
pepepito1983,Pegah Ferydoni,67,80,,,https://x.com/pepepito1983
title,,10,10,,,https://x.com/title
poonehhm,,10,10,,,https://x.com/poonehhm
PouriaPoursorkh,Pouria Poursorkh,60,18,,,https://x.com/PouriaPoursorkh
reyparsa,,10,10,,,https://x.com/reyparsa
sahardolatshahi,sahar dolatshahi,61,53,,,https://x.com/sahardolatshahi
SaharValadbeygi,Sahar Valadbeygi,66,38,,,https://x.com/SaharValadbeygi
21Sahel,サヘルローズ,80,80,,,https://x.com/21Sahel
SepidehMoafi,Sepideh Moafi,80,80,,,https://x.com/SepidehMoafi
platform,,10,10,,,https://x.com/platform
shahram_hds,shahram haghighat doust,62,13,,,https://x.com/shahram_hds
ShaunToub,Shaun Toub,65,49,,,https://x.com/ShaunToub
ShivaBoloorian,Shiva Boloorian,17,10,,,https://x.com/ShivaBoloorian
shivanegar,ky,16,63,,,https://x.com/shivanegar
SAghdashloo,Shohreh Aghdashloo,80,80,,,https://x.com/SAghdashloo
talaashe,Tala Ashe,80,80,,,https://x.com/talaashe
IAmTehran,IG: @IAmTehran,80,80,,,https://x.com/IAmTehran
yarashahidi,Yara Shahidi,61,10,,,https://x.com/yarashahidi
Zar_Amir,Zar Amir Ebrahimi,65,80,,,https://x.com/Zar_Amir
IranIntl_En,Iran International English,79,15,,,https://x.com/IranIntl_En
SayedModarresi,Sayed Mahdi Modarresi,64,80,,,https://x.com/SayedModarresi
SeppBlatter,Joseph S Blatter,67,80,,,https://x.com/SeppBlatter
alikarimi_ak8,ali karimi,70,48,,,https://x.com/alikarimi_ak8
AEK_FC_OFFICIAL,AEK F.C.,80,77,,,https://x.com/AEK_FC_OFFICIAL
fft_official,Tajikistan Football,80,49,,,https://x.com/fft_official
PTofighi,Pyman tofighi,12,58,,,https://x.com/PTofighi
SafaiDarya,Darya Safai MP,69,78,,,https://x.com/SafaiDarya
eyoussefian,Elham Youssefian,66,72,,,https://x.com/eyoussefian
mumspr,mumspr,47,28,,,https://x.com/mumspr
N_Khodakarami,Nahid Khodakarami,76,72,,,https://x.com/N_Khodakarami
IranianArForces,,10,10,,,https://x.com/IranianArForces
dr_abdolmaleki,حجت الله عبدالملکی,63,36,,,https://x.com/dr_abdolmaleki
MnMottaki,Manouchehr Mottaki,63,25,,,https://x.com/MnMottaki
HossainiSma,Seyed Mohammad Ali Hosseini,76,45,,,https://x.com/HossainiSma
rob_steele1,,10,10,,,https://x.com/rob_steele1
Tavaana,توانا Tavaana,70,16,,,https://x.com/Tavaana
ICHRI,Center for Human Rights in Iran,68,80,,,https://x.com/ICHRI
IranNW,Iran News Wire,80,80,,,https://x.com/IranNW
JanezLenarcic,Janez Lenarčič,80,80,,,https://x.com/JanezLenarcic
Banisadr,Abolhassan Banisadr,68,10,,,https://x.com/Banisadr
2017,Sam Beck,74,22,,,https://x.com/2017
alilarijani_ir,Ali Larijani | علی لاریجانی,80,12,,,https://x.com/alilarijani_ir
2016,2016,66,10,,,https://x.com/2016
raisi_com,سید ابراهیم رئیسی,62,11,,,https://x.com/raisi_com
madarandadkhah,madarandadkhah,67,12,,,https://x.com/madarandadkhah
JohnKerry,John Kerry,11,11,,,https://x.com/JohnKerry
Ahmadinejad1956,Mahmoud Ahmadinejad,80,80,,,https://x.com/Ahmadinejad1956
elinavaltonen,Elina Valtonen,61,80,,,https://x.com/elinavaltonen
sepideqoliyan,sepideqoliyan,80,69,,,https://x.com/sepideqoliyan
helalireza,عبدالرضا هلالی,80,36,,,https://x.com/helalireza
AliAzimiMusic,Ali Azimi,80,80,,,https://x.com/AliAzimiMusic
Baharmdehkordi,,10,10,,,https://x.com/Baharmdehkordi
BahramRadan,Bahram Radan,69,78,,,https://x.com/BahramRadan
followupiran,کمیته پیگیری وضعیت بازداشت‌شدگان,63,10,,,https://x.com/followupiran
EddieRazaz,Eddie Razaz,71,68,,,https://x.com/EddieRazaz
AshkanFadaei,Fadaei,72,14,,,https://x.com/AshkanFadaei
WORLDMUSICAWARD,World Music Awards,65,59,,,https://x.com/WORLDMUSICAWARD
HellyLuv,Helly Luv,69,75,,,https://x.com/HellyLuv
Knifeworld,Kavus Torabi,80,59,,,https://x.com/Knifeworld
leilaforouhar,Leila Forouhar,71,75,,,https://x.com/leilaforouhar
MahdiRasuli_ir,مهدی رسولی,80,80,,,https://x.com/MahdiRasuli_ir
IranIntl,ايران اينترنشنال,80,80,,,https://x.com/IranIntl
Mehrdad_Asemani,Mehrdad Asemani,58,13,,,https://x.com/Mehrdad_Asemani
NazaninAJ,Nazanin Afshin-Jam MacKay,61,69,,,https://x.com/NazaninAJ
raminkarimloo,Ramin Karimloo,64,80,,,https://x.com/raminkarimloo
SamiYusuf,Sami Yusuf,80,15,,,https://x.com/SamiYusuf
sraissadat,Sepideh Raissadat,65,80,,,https://x.com/sraissadat
shakilamusic,SHAKILA,61,10,,,https://x.com/shakilamusic
IndypersianLife,IndyPersian_LifeStyle,69,24,,,https://x.com/IndypersianLife
snohaalegra,Snoh,80,79,,,https://x.com/snohaalegra
SonitaAlizadeh,Sonita Alizada,80,80,,,https://x.com/SonitaAlizadeh
Tooji_,Tooji,62,66,,,https://x.com/Tooji_
hosdehghan,Hossein Dehghan,19,10,,,https://x.com/hosdehghan
drmalekzadeh2,Mohammad Sharif Malekzadeh | محمدشریف ملک زاده,19,21,,,https://x.com/drmalekzadeh2
25BandMusic,25Band,63,32,,,https://x.com/25BandMusic
tudum,nguyen thanhtu,17,10,,,https://x.com/tudum
abb_abdi,عباس عبدی,80,80,,,https://x.com/abb_abdi
milaniabbas,Abbas Milani,80,80,,,https://x.com/milaniabbas
ajavadiamoli,جوادی آملی,70,10,,,https://x.com/ajavadiamoli
asre_majles,عصر مجلس,61,50,,,https://x.com/asre_majles
Hemmati_ir,Abdolnaser Hemmati عبدالناصر همتی,80,19,,,https://x.com/Hemmati_ir
AfshinMolavi,Afshin Molavi,80,80,,,https://x.com/AfshinMolavi
Zeidabadi_Ahmad,احمد زیدآبادی,80,11,,,https://x.com/Zeidabadi_Ahmad
islam,islam,61,74,,,https://x.com/islam
World,WORLD,65,19,,,https://x.com/World
shahrak_ekbatan,شهرک اکباتان | Ekbatan,80,72,,,https://x.com/shahrak_ekbatan
manototv,تلویزیون منوتو,80,35,,,https://x.com/manototv
khademh,Ali Khademhosseini,80,80,,,https://x.com/khademh
alimotahari_ir,,10,10,,,https://x.com/alimotahari_ir
PahlavanAli,Ali Pahlavan,80,80,,,https://x.com/PahlavanAli
PanahianEN,Ali Reza Panahian,80,10,,,https://x.com/PanahianEN
Alirezatalischi,Alireza Talischi,60,12,,,https://x.com/Alirezatalischi
aliyanazarbaeva,Әлия  Назарбаева,63,34,,,https://x.com/aliyanazarbaeva
jadi,jadi,80,80,,,https://x.com/jadi
scientist,,10,10,,,https://x.com/scientist
art,Arthur Bullard,70,70,,,https://x.com/art
AmirTaheri4,Amir Taheri,65,80,,,https://x.com/AmirTaheri4
tatalioo,Amir Tataloo,62,10,,,https://x.com/tatalioo
en,enちゃん,10,10,,,https://x.com/en
latoyajackson,La Toya Jackson,80,80,,,https://x.com/latoyajackson
AnoushehAnsari,Anousheh Ansari,80,80,,,https://x.com/AnoushehAnsari
ArashMarkazi,Arash Markazi,80,80,,,https://x.com/ArashMarkazi
arash_sobhani,Arash Sobhani آرش سبحانی,80,80,,,https://x.com/arash_sobhani
ardeshirpashang,Ardeshir Pashang,80,69,,,https://x.com/ardeshirpashang
2023,,10,10,,,https://x.com/2023
AshKoosha,Ash Koosha,80,80,,,https://x.com/AshKoosha
tajmedun,ТГМУ имени Абуали ибни Сино,61,10,,,https://x.com/tajmedun
AzadehEnsha,Azadeh Ensha,80,49,,,https://x.com/AzadehEnsha
azarnafisi,Azar Nafisi,80,80,,,https://x.com/azarnafisi
ummahfilms,Baba Ali,70,48,,,https://x.com/ummahfilms
BabakTafreshi,Babak Tafreshi,80,80,,,https://x.com/BabakTafreshi
babakatwork,Babak Hodjat,80,80,,,https://x.com/babakatwork
ArminGhobadi,Armin Ghobadi Pasha,80,80,,,https://x.com/ArminGhobadi
BahramNouraei,,0,0,,,https://x.com/BahramNouraei
iranwire,ایران وایر,0,80,,,https://x.com/iranwire
behdadesfahbod,Behdad Esfahbod,69,80,,,https://x.com/behdadesfahbod
2012,2012 ABC,65,10,,,https://x.com/2012
BehrouzBoochani,Behrouz Boochani,65,80,,,https://x.com/BehrouzBoochani
behzadbolour,behzadbolour,72,43,,,https://x.com/behzadbolour
nobave34909,بیژن نوباوه وطن,62,58,,,https://x.com/nobave34909
borzou,Borzou Daragahi,70,80,,,https://x.com/borzou
the,,10,10,,,https://x.com/the
CameliaFard,CameliaEntekhabifard,62,80,,,https://x.com/CameliaFard
ChahlaCHAFIQ,Chahla Chafiq,80,80,,,https://x.com/ChahlaCHAFIQ
standupdan,Dan Ahdoot,80,80,,,https://x.com/standupdan
idavar,Davar Ardalan,10,10,,,https://x.com/idavar
drdavidsamadi,Dr. David Samadi,80,80,,,https://x.com/drdavidsamadi
dialamakki,ديالا مكي,70,80,,,https://x.com/dialamakki
DinaNayeri,Dina Nayeri,80,80,,,https://x.com/DinaNayeri
asa,asa,62,80,,,https://x.com/asa
Ebihamedi,Ebi Hamedi,80,76,,,https://x.com/Ebihamedi
2022,,10,10,,,https://x.com/2022
ShahbanouFarah,FARAH PAHLAVI - فرح پهلوی,80,15,,,https://x.com/ShahbanouFarah
FMiraftab,faranak miraftab,76,10,,,https://x.com/FMiraftab
la_Biennale,La Biennale di Venezia,71,80,,,https://x.com/la_Biennale
Farnoosh,Farnoosh Torabi,80,80,,,https://x.com/Farnoosh
farvartishr,Farvartish Rezvaniyeh,65,80,,,https://x.com/farvartishr
FarzadFarzin2,Farzad Farzin,62,11,,,https://x.com/FarzadFarzin2
fatemeekhtesari,Fatemeh Ekhtesari فاطمه اختصاری,80,77,,,https://x.com/fatemeekhtesari
fereshtehmol,Fereshteh Molavi,80,80,,,https://x.com/fereshtehmol
farnazfassihi,Farnaz Fassihi,80,80,,,https://x.com/farnazfassihi
PennHistory,Penn History,80,80,,,https://x.com/PennHistory
Firouz_Naderi,Firouz M. Naderi,63,80,,,https://x.com/Firouz_Naderi
gmziarani,mohammadi ziarani,80,80,,,https://x.com/gmziarani
GolinehAtai,Golineh Atai,80,80,,,https://x.com/GolinehAtai
mr_Halloo,محمدرضا عالی پیام,68,31,,,https://x.com/mr_Halloo
HamidDabashi,Hamid Dabashi,65,10,,,https://x.com/HamidDabashi
naderi_yeganeh,Hamid Naderi Yeganeh,67,64,,,https://x.com/naderi_yeganeh
hamidrasaee,حمید رسایی,62,61,,,https://x.com/hamidrasaee
hasan_abbasi,حسن عباسی,80,21,,,https://x.com/hasan_abbasi
s,『S』,55,56,,,https://x.com/s
HassanRouhani,Hassan Rouhani,80,24,,,https://x.com/HassanRouhani
shamaizadeh,Hassan Shamaizadeh,68,67,,,https://x.com/shamaizadeh
HichkasOfficial,Hichkas,80,80,,,https://x.com/HichkasOfficial
h0d3r,Hossein Derakhshan,74,80,,,https://x.com/h0d3r
HosseinRajabian,Hossein Rajabian,65,25,,,https://x.com/HosseinRajabian
dr_hsamsami,حسین صمصامی,59,49,,,https://x.com/dr_hsamsami
thebest,thebest,61,10,,,https://x.com/thebest
blogs,blogs,61,10,,,https://x.com/blogs
vid,,10,10,,,https://x.com/vid
JamshidBarzegar,Jamshid Barzegar,80,80,,,https://x.com/JamshidBarzegar
nm,n,62,80,,,https://x.com/nm
Jason_Jorjani,Jason Reza Jorjani,78,80,,,https://x.com/Jason_Jorjani
javadhashemicom,,10,10,,,https://x.com/javadhashemicom
jilabani,Jila Baniyaghoob ژیلا بنی‌یعقوب,61,64,,,https://x.com/jilabani
KameelAhmady,Kameel Ahmady کامیل احمدی,73,65,,,https://x.com/KameelAhmady
BBCKasraNaji,Kasra Naji,80,80,,,https://x.com/BBCKasraNaji
Nouri_Kasra,کسری نوری,80,67,,,https://x.com/Nouri_Kasra
KavehAkbar,Kaveh Akbar _ AUTHOR,73,80,,,https://x.com/KavehAkbar
kbarzeg,Kayhan Barzegar,80,80,,,https://x.com/kbarzeg
k_Mostafavi,Khashayar Mostafavi,80,80,,,https://x.com/k_Mostafavi
SasanianShah,Dr. Χοδαδαδίος Ρεζαχανίδης,10,10,,,https://x.com/SasanianShah
Sanjaribaf,Kianoosh Sanjari,65,80,,,https://x.com/Sanjaribaf
Music,Music,80,75,,,https://x.com/Music
kngwmn,Kris Esfandiari,64,80,,,https://x.com/kngwmn
LianaAgh,LA,11,11,,,https://x.com/LianaAgh
ShazamAzam,Lila Azam Zanganeh,80,79,,,https://x.com/ShazamAzam
MahdyarAghajani,Mahdyar,65,80,,,https://x.com/MahdyarAghajani
rtsinfrarouge,Infrarouge (compte archivé),13,13,,,https://x.com/rtsinfrarouge
mahsamrabadi,Mahsa Amrabadi,80,80,,,https://x.com/mahsamrabadi
manoushz,Manoush Zomorodi,80,80,,,https://x.com/manoushz
MarjanFarsad,Marjan Farsad,64,66,,,https://x.com/MarjanFarsad
stronger,Stronger,21,10,,,https://x.com/stronger
AndrewNTDavis,,10,10,,,https://x.com/AndrewNTDavis
masih_alinejad,,10,10,,,https://x.com/masih_alinejad
masoudkazemi81,Masoud Kazemi,80,80,,,https://x.com/masoudkazemi81
masoud_molavi,Masoud Molavi,60,59,,,https://x.com/masoud_molavi
drpezeshkian,Masoud Pezeshkian,64,30,,,https://x.com/drpezeshkian
MasoudTaheri4,Masoud Taheri,65,80,,,https://x.com/MasoudTaheri4
ebtekarm,Massoumeh Ebtekar,79,80,,,https://x.com/ebtekarm
mehdikarampour,Mehdi Karampour,10,10,,,https://x.com/mehdikarampour
MehdiKhalaji,MehdiKhalaji,60,10,,,https://x.com/MehdiKhalaji
Mehdi_Rajabian,Mehdi Rajabian,80,47,,,https://x.com/Mehdi_Rajabian
Mehranx,Mehran,11,12,,,https://x.com/Mehranx
2011,まゆみん,66,28,,,https://x.com/2011
2015,,10,10,,,https://x.com/2015
mousavi1388,MirHossein Mousavi,70,10,,,https://x.com/mousavi1388
Mfazeli114,محمد فاضلی,80,80,,,https://x.com/Mfazeli114
mhhansari,M.H. Ansari,80,80,,,https://x.com/mhhansari
JZarif,Javad Zarif,80,27,,,https://x.com/JZarif
jorjandii,Mohammad Jorjandi,62,78,,,https://x.com/jorjandii
Manzarpour,Mohammad Manzarpour,68,65,,,https://x.com/Manzarpour
2mohammadmosaed,Mohammad Mosaed,66,75,,,https://x.com/2mohammadmosaed
Nahavandian_ir,محمد نهاوندیان,64,45,,,https://x.com/Nahavandian_ir
ir_aref,محمدرضا عارف,78,27,,,https://x.com/ir_aref
meftah,,80,69,,,https://x.com/meftah
mszarepour,Mohammad Saleh Zarepour,66,80,,,https://x.com/mszarepour
khamenei_ir,Khamenei.ir,80,40,,,https://x.com/khamenei_ir
university,,10,10,,,https://x.com/university
OfficialMNamjoo,Mohsen Namjoo | محسن نامجو,65,44,,,https://x.com/OfficialMNamjoo
monaborzouei,Mona Borzouei,61,80,,,https://x.com/monaborzouei
MoriMahmoudi,"Morteza Mahmoudi, PhD",80,80,,,https://x.com/MoriMahmoudi
ManotoNews,اتاق خبر منوتو,80,43,,,https://x.com/ManotoNews
NaderHabibi2,,79,80,,,https://x.com/NaderHabibi2
NasimAmiralian,,10,10,,,https://x.com/NasimAmiralian
paydar,Nasser Paydar,70,80,,,https://x.com/paydar
soleimanpour,Alireza Soleimanpour,25,10,,,https://x.com/soleimanpour
nazaninarmanian,nazanin,80,80,,,https://x.com/nazaninarmanian
maroofian,,10,10,,,https://x.com/maroofian
Nazli_Tabatabai,Nazli Tabatabai-Khatambakhsh BSc. MLitt MA SFHEA,80,80,,,https://x.com/Nazli_Tabatabai
neginsh,Negin Shiraghaei,80,80,,,https://x.com/neginsh
issues,ISSUES,69,19,,,https://x.com/issues
masoud,masoud.aghaie,10,10,,,https://x.com/masoud
Nouriel,Nouriel Roubini,80,80,,,https://x.com/Nouriel
OmidFarokhzad,,10,10,,,https://x.com/OmidFarokhzad
PardisSabeti,Pardis Sabeti,80,80,,,https://x.com/PardisSabeti
parsapirouzfar,Parsa Pirouzfar,66,60,,,https://x.com/parsapirouzfar
paymanmaadi,Payman Maadi,68,73,,,https://x.com/paymanmaadi
persismk,Ｐｅｒｓｉｓ,10,10,,,https://x.com/persismk
pirouzhanachi,پیروز حناچی,80,38,,,https://x.com/pirouzhanachi
site,,10,10,,,https://x.com/site
PKhakpour,porochista khakpour she/her پوروچیستا خاکپور,65,80,,,https://x.com/PKhakpour
pouriazeraati,Pouria Zeraati,80,80,,,https://x.com/pouriazeraati
rambodjavan1,,61,10,,,https://x.com/rambodjavan1
RJahanbegloo,Ramin Jahanbegloo,10,10,,,https://x.com/RJahanbegloo
ramitanavai,Ramita Navai,80,80,,,https://x.com/ramitanavai
rezaaslan,ًًً,69,80,,,https://x.com/rezaaslan
REZAphotography,REZA,70,80,,,https://x.com/REZAphotography
RezaDormishian,Reza Dormishian,71,10,,,https://x.com/RezaDormishian
rezahn56,رضا حقيقت‌نژاد,80,65,,,https://x.com/rezahn56
journal,,10,10,,,https://x.com/journal
PahlaviReza,Reza Pahlavi,80,80,,,https://x.com/PahlaviReza
rezjazz,Reza Rohani Official,62,73,,,https://x.com/rezjazz
Rezasadeghireal,Reza Sadeghi,65,72,,,https://x.com/Rezasadeghireal
RezaZiaEbrahimi,Reza Zia-Ebrahimi       رضا ضیاء ابراهیمی,80,78,,,https://x.com/RezaZiaEbrahimi
roohallahj,روح الله جمعه ای,80,56,,,https://x.com/roohallahj
roozbeh_azar,Roozbeh Azar,67,66,,,https://x.com/roozbeh_azar
CathyManso,Catherine Manso,71,80,,,https://x.com/CathyManso
Genomicien,Roxana Moslehi (رکسانا مصلحی),64,80,,,https://x.com/Genomicien
RoyaTheWriter,Roya Hakakian,80,80,,,https://x.com/RoyaTheWriter
IBAHRI,IBA's Human Rights Institute,80,80,,,https://x.com/IBAHRI
SabrinaGhayour,Sabrina Ghayour-Lynn,80,80,,,https://x.com/SabrinaGhayour
SaeedKD,,10,10,,,https://x.com/SaeedKD
saeid_mohammad_,سعید محمد,73,17,,,https://x.com/saeid_mohammad_
saghi_ghahraman,Saghi Ghahraman,68,80,,,https://x.com/saghi_ghahraman
SaharZand,Sahar Zand,79,80,,,https://x.com/SaharZand
SamiBeigi,Sami Beigi,64,19,,,https://x.com/SamiBeigi
CiaoSamin,,10,10,,,https://x.com/CiaoSamin
SEVDALIZA,SEVDALIZA,80,74,,,https://x.com/SEVDALIZA
cache,,10,10,,,https://x.com/cache
NEWS,NEWS,80,80,,,https://x.com/NEWS
shahabedin76,شهاب‌الدين طباطبايى,64,68,,,https://x.com/shahabedin76
shahinnajafi80,Shahin Najafi 𓃬☼,68,80,,,https://x.com/shahinnajafi80
shahrumkashani,shahrumkashani,61,73,,,https://x.com/shahrumkashani
ShappiKhorsandi,Shaparak Khorsandi شاپرک خرسندی,65,80,,,https://x.com/ShappiKhorsandi
shayagoldoust,Shaya Goldoust,64,80,,,https://x.com/shayagoldoust
IranianWoman,Sheema Kalbasi شیما کلباسی,73,80,,,https://x.com/IranianWoman
HajipourShervin,Shervin Hajipour,72,67,,,https://x.com/HajipourShervin
SAGES_Updates,SAGES is in Tampa in 2026!,80,80,,,https://x.com/SAGES_Updates
siamakansarii,Siamak Ansari,67,69,,,https://x.com/siamakansarii
Siavashshams,Siavash Shams,60,13,,,https://x.com/Siavashshams
sirvan_khosravi,Sirvan Khosravi,65,20,,,https://x.com/sirvan_khosravi
SohrabAhmari,Sohrab Ahmari,80,80,,,https://x.com/SohrabAhmari
S_Pakseresht,سلیمان پاک‌سرشت,69,63,,,https://x.com/S_Pakseresht
solmazdaryani,,10,10,,,https://x.com/solmazdaryani
sorayanelson,SorayaSarhaddiNelson,80,80,,,https://x.com/sorayanelson
TahaYasseri,Taha Yasseri,80,80,,,https://x.com/TahaYasseri
taraaghdashloo,Tara Aghdashloo,80,80,,,https://x.com/taraaghdashloo
t_alidoosti,,10,10,,,https://x.com/t_alidoosti
T_Javanbakht,"Taraneh Javanbakht, PhD, DEA, MSc, MA",69,10,,,https://x.com/T_Javanbakht
V_and_A,V&A,71,80,,,https://x.com/V_and_A
the_ironsheik,The Iron Sheik,80,80,,,https://x.com/the_ironsheik
OfficialToomaj,توماج صالحی,80,80,,,https://x.com/OfficialToomaj
IranRights_org,Abdorrahman Boroumand Center,67,80,,,https://x.com/IranRights_org
Vahid,Vahid Online,70,61,,,https://x.com/Vahid
vali_nasr,Vali Nasr,67,80,,,https://x.com/vali_nasr
yashar,Yashar Ali,80,80,,,https://x.com/yashar
AlimbayevYerlan,Yerlan Alimbayev,60,80,,,https://x.com/AlimbayevYerlan
NishaBiswal,Nisha Biswal,77,80,,,https://x.com/NishaBiswal
z_al,Zal,80,80,,,https://x.com/z_al
zhubinparang,Zhubin Parang,10,10,,,https://x.com/zhubinparang
ZanZibaShirazi,Ziba Shirazi,64,32,,,https://x.com/ZanZibaShirazi
