Name,Wikipedia_Link
Kourosh Ahari,https://en.wikipedia.org/wiki/Kourosh_Ahari
Fereshteh Ahmadi,https://en.wikipedia.org/wiki/Fereshteh_Ahmadi
Hossein Shanbehzadeh,https://en.wikipedia.org/wiki/Hossein_Shanbehzadeh
Ali Atshani,https://en.wikipedia.org/wiki/Ali_Atshani
Bahram Beyzai,https://en.wikipedia.org/wiki/Bahram_Beyzai
Bahram Dehghani,https://en.wikipedia.org/wiki/Bahram_Dehghani
Fereydun Gole,https://en.wikipedia.org/wiki/Fereydun_Gole
Morteza Ahmadi Harandi,https://en.wikipedia.org/wiki/Morteza_Ahmadi_Harandi
Varuzh Karim-Masihi,https://en.wikipedia.org/wiki/Varuzh_Karim-Masihi
Babak Karimi,https://en.wikipedia.org/wiki/Babak_Karimi
Samuel Khachikian,https://en.wikipedia.org/wiki/Samuel_Khachikian
Loghman Khaledi,https://en.wikipedia.org/wiki/Loghman_Khaledi
Farbod Khoshtinat,https://en.wikipedia.org/wiki/Farbod_Khoshtinat
Bahman Kiarostami,https://en.wikipedia.org/wiki/Bahman_Kiarostami
Amina Maher,https://en.wikipedia.org/wiki/Amina_Maher
Mohsen Makhmalbaf,https://en.wikipedia.org/wiki/Mohsen_Makhmalbaf
Soudabeh Moradian,https://en.wikipedia.org/wiki/Soudabeh_Moradian
Hassan Nazer,https://en.wikipedia.org/wiki/Hassan_Nazer
Jafar Panahi,https://en.wikipedia.org/wiki/Jafar_Panahi
Panah Panahi,https://en.wikipedia.org/wiki/Panah_Panahi
Shahin Parhami,https://en.wikipedia.org/wiki/Shahin_Parhami
Khosrow Parvizi,https://en.wikipedia.org/wiki/Khosrow_Parvizi
Kiumars Pourahmad,https://en.wikipedia.org/wiki/Kiumars_Pourahmad
Hossein Rajabian,https://en.wikipedia.org/wiki/Hossein_Rajabian
Hayedeh Safiyari,https://en.wikipedia.org/wiki/Hayedeh_Safiyari
Mohammad Ali Sajjadi,https://en.wikipedia.org/wiki/Mohammad_Ali_Sajjadi
Saman Salur,https://en.wikipedia.org/wiki/Saman_Salur
Hossein Shahabi,https://en.wikipedia.org/wiki/Hossein_Shahabi
Isa Vandi,https://en.wikipedia.org/wiki/Isa_Vandi
Farjam Behnam,https://en.wikipedia.org/wiki/Farjam_Behnam
Hadi Khorsandi,https://en.wikipedia.org/wiki/Hadi_Khorsandi
Ja'far Modarres-Sadeghi,https://en.wikipedia.org/wiki/Ja%27far_Modarres-Sadeghi
Atoosa Rubenstein,https://en.wikipedia.org/wiki/Atoosa_Rubenstein
Faraj Sarkohi,https://en.wikipedia.org/wiki/Faraj_Sarkohi
Azam Taleghani,https://en.wikipedia.org/wiki/Azam_Taleghani
Hossein Towfigh,https://en.wikipedia.org/wiki/Hossein_Towfigh
Ebrahim Zalzadeh,https://en.wikipedia.org/wiki/Ebrahim_Zalzadeh
Ahmad Zohadi,https://en.wikipedia.org/wiki/Ahmad_Zohadi
