Name,Wikipedia_Link
Ali Bakouei,https://en.wikipedia.org/wiki/Ali_Bakouei
Akbar Motalebizadeh,https://en.wikipedia.org/wiki/Akbar_Motalebizadeh
Mohammad Mehdi Tehranchi,https://en.wikipedia.org/wiki/Mohammad_Mehdi_Tehranchi
Al-Isfizari,https://en.wikipedia.org/wiki/Al-Isfizari
Shahram Amiri,https://en.wikipedia.org/wiki/Shahram_Amiri
Arezoo Ardekani,https://en.wikipedia.org/wiki/Arezoo_Ardekani
Hossein Baharvand,https://en.wikipedia.org/wiki/Hossein_Baharvand
Armen Der Kiureghian,https://en.wikipedia.org/wiki/Armen_Der_Kiureghian
Saeid Eslamian,https://en.wikipedia.org/wiki/Saeid_Eslamian
Mehdi Golshani,https://en.wikipedia.org/wiki/Mehdi_Golshani
Caro Lucas,https://en.wikipedia.org/wiki/Caro_Lucas
Masoud Molavi,https://en.wikipedia.org/wiki/Masoud_Molavi
Mahmoud Nili Ahmadabadi,https://en.wikipedia.org/wiki/Mahmoud_Nili_Ahmadabadi
Masoud Soleimani,https://en.wikipedia.org/wiki/Masoud_Soleimani
Al-Tughra'i,https://en.wikipedia.org/wiki/Al-Tughra%27i
Abolhassan Astaneh-Asl,https://en.wikipedia.org/wiki/Abolhassan_Astaneh-Asl
Encieh Erfani,https://en.wikipedia.org/wiki/Encieh_Erfani
Shireen Hunter,https://en.wikipedia.org/wiki/Shireen_Hunter
Seifallah Randjbar-Daemi,https://en.wikipedia.org/wiki/Seifallah_Randjbar-Daemi
Kazem Sadegh-Zadeh,https://en.wikipedia.org/wiki/Kazem_Sadegh-Zadeh
Mehrdad Abedi,https://en.wikipedia.org/wiki/Mehrdad_Abedi
Ali Alavi,https://en.wikipedia.org/wiki/Ali_Alavi
Manuel Berberian,https://en.wikipedia.org/wiki/Manuel_Berberian
Mina Bissell,https://en.wikipedia.org/wiki/Mina_Bissell
Nader Engheta,https://en.wikipedia.org/wiki/Nader_Engheta
Kamran Eshraghian,https://en.wikipedia.org/wiki/Kamran_Eshraghian
Nikta Fakhri,https://en.wikipedia.org/wiki/Nikta_Fakhri
Hossein Gol-e-Golab,https://en.wikipedia.org/wiki/Hossein_Gol-e-Golab
Mahmoud Hessabi,https://en.wikipedia.org/wiki/Mahmoud_Hessabi
Pedram Javaheri,https://en.wikipedia.org/wiki/Pedram_Javaheri
Ali Javan,https://en.wikipedia.org/wiki/Ali_Javan
Amir Banoo Karimi,https://en.wikipedia.org/wiki/Amir_Banoo_Karimi
Mohammad Khorrami (physicist),https://en.wikipedia.org/wiki/Mohammad_Khorrami_%28physicist%29
Eugene N. Kozloff,https://en.wikipedia.org/wiki/Eugene_N._Kozloff
Simin Meydani,https://en.wikipedia.org/wiki/Simin_Meydani
Maryam Mirzakhani,https://en.wikipedia.org/wiki/Maryam_Mirzakhani
Ali Montazeri,https://en.wikipedia.org/wiki/Ali_Montazeri
Kaveh Pahlavan,https://en.wikipedia.org/wiki/Kaveh_Pahlavan
Hashem Rafii Tabar,https://en.wikipedia.org/wiki/Hashem_Rafii_Tabar
Sajjad Sadeghi,https://en.wikipedia.org/wiki/Sajjad_Sadeghi
Azadeh Tabazadeh,https://en.wikipedia.org/wiki/Azadeh_Tabazadeh
Mahyat Shafapour Tehrany,https://en.wikipedia.org/wiki/Mahyat_Shafapour_Tehrany
Cumrun Vafa,https://en.wikipedia.org/wiki/Cumrun_Vafa
Moussa B. H. Youdim,https://en.wikipedia.org/wiki/Moussa_B._H._Youdim
Houman Younessi,https://en.wikipedia.org/wiki/Houman_Younessi
Gholamreza Aavani,https://en.wikipedia.org/wiki/Gholamreza_Aavani
Mohammad Reza Aref,https://en.wikipedia.org/wiki/Mohammad_Reza_Aref
Mehdi Bahadori,https://en.wikipedia.org/wiki/Mehdi_Bahadori
Mostafa Mohaghegh Damad,https://en.wikipedia.org/wiki/Mostafa_Mohaghegh_Damad
Reza Davari Ardakani,https://en.wikipedia.org/wiki/Reza_Davari_Ardakani
Gholamhossein Ebrahimi Dinani,https://en.wikipedia.org/wiki/Gholamhossein_Ebrahimi_Dinani
Rasul Jafarian,https://en.wikipedia.org/wiki/Rasul_Jafarian
Abouzar Shahpari,https://en.wikipedia.org/wiki/Abouzar_Shahpari
Saeed Sohrabpour,https://en.wikipedia.org/wiki/Saeed_Sohrabpour
Lotfollah Yarmohammadi,https://en.wikipedia.org/wiki/Lotfollah_Yarmohammadi
Babak Amin Tafreshi,https://en.wikipedia.org/wiki/Babak_Amin_Tafreshi
Alenush Terian,https://en.wikipedia.org/wiki/Alenush_Terian
Mahmoud Behzad,https://en.wikipedia.org/wiki/Mahmoud_Behzad
Mohamadreza Baghaban Eslaminejad,https://en.wikipedia.org/wiki/Mohamadreza_Baghaban_Eslaminejad
Abdolmajid Mahdavi Damghani,https://en.wikipedia.org/wiki/Abdolmajid_Mahdavi_Damghani
Samuel Rahbar,https://en.wikipedia.org/wiki/Samuel_Rahbar
Mostafa Ronaghi,https://en.wikipedia.org/wiki/Mostafa_Ronaghi
Saba Valadkhan,https://en.wikipedia.org/wiki/Saba_Valadkhan
Mohsen Adeli,https://en.wikipedia.org/wiki/Mohsen_Adeli
Ahmad ibn 'Imad al-Din,https://en.wikipedia.org/wiki/Ahmad_ibn_%27Imad_al-Din
Najm al-Din al-Qazwini al-Katibi,https://en.wikipedia.org/wiki/Najm_al-Din_al-Qazwini_al-Katibi
Ibn al-Nadim,https://en.wikipedia.org/wiki/Ibn_al-Nadim
Saeed Balalaie,https://en.wikipedia.org/wiki/Saeed_Balalaie
Al-Biruni,https://en.wikipedia.org/wiki/Al-Biruni
Ali Daneshfar,https://en.wikipedia.org/wiki/Ali_Daneshfar
Ali Akbar Entezami,https://en.wikipedia.org/wiki/Ali_Akbar_Entezami
Al-Farabi,https://en.wikipedia.org/wiki/Al-Farabi
Mohammadreza Ghadiri,https://en.wikipedia.org/wiki/Mohammadreza_Ghadiri
Mohammad Reza Khanmohammadi,https://en.wikipedia.org/wiki/Mohammad_Reza_Khanmohammadi
Al-Khazini,https://en.wikipedia.org/wiki/Al-Khazini
Iraj Lalezari,https://en.wikipedia.org/wiki/Iraj_Lalezari
Majid Momhed-Heravi,https://en.wikipedia.org/wiki/Majid_Momhed-Heravi
Ali Akbar Moosavi-Movahedi,https://en.wikipedia.org/wiki/Ali_Akbar_Moosavi-Movahedi
Hossein Rafiee,https://en.wikipedia.org/wiki/Hossein_Rafiee
Rahim Abedi,https://en.wikipedia.org/wiki/Rahim_Abedi
Mohammad-Nabi Sarbolouki,https://en.wikipedia.org/wiki/Mohammad-Nabi_Sarbolouki
Reyhaneh Sariri,https://en.wikipedia.org/wiki/Reyhaneh_Sariri
Samira Siahrostami,https://en.wikipedia.org/wiki/Samira_Siahrostami
Mohammad Ali Zolfigol,https://en.wikipedia.org/wiki/Mohammad_Ali_Zolfigol
Farhad Arbab,https://en.wikipedia.org/wiki/Farhad_Arbab
Nazanin Daneshvar,https://en.wikipedia.org/wiki/Nazanin_Daneshvar
Bita Daryabari,https://en.wikipedia.org/wiki/Bita_Daryabari
Morteza Dehghani,https://en.wikipedia.org/wiki/Morteza_Dehghani
Abbas Edalat,https://en.wikipedia.org/wiki/Abbas_Edalat
Peyman Faratin,https://en.wikipedia.org/wiki/Peyman_Faratin
Ali Ghodsi,https://en.wikipedia.org/wiki/Ali_Ghodsi
Mohammad Ghodsi,https://en.wikipedia.org/wiki/Mohammad_Ghodsi
Babak Hodjat,https://en.wikipedia.org/wiki/Babak_Hodjat
Ali Jafari,https://en.wikipedia.org/wiki/Ali_Jafari
Ali Akbar Jalali,https://en.wikipedia.org/wiki/Ali_Akbar_Jalali
Tara Javidi,https://en.wikipedia.org/wiki/Tara_Javidi
Mohammad Jorjandi,https://en.wikipedia.org/wiki/Mohammad_Jorjandi
Farinaz Koushanfar,https://en.wikipedia.org/wiki/Farinaz_Koushanfar
Gholamali Montazer,https://en.wikipedia.org/wiki/Gholamali_Montazer
Yasamin Mostofi,https://en.wikipedia.org/wiki/Yasamin_Mostofi
Amir Rahmati,https://en.wikipedia.org/wiki/Amir_Rahmati
Maryam Sadeghi,https://en.wikipedia.org/wiki/Maryam_Sadeghi
Ladan Tahvildari,https://en.wikipedia.org/wiki/Ladan_Tahvildari
Brandon Truaxe,https://en.wikipedia.org/wiki/Brandon_Truaxe
Lotfi A. Zadeh,https://en.wikipedia.org/wiki/Lotfi_A._Zadeh
Nasrollah Khadem,https://en.wikipedia.org/wiki/Nasrollah_Khadem
Abdolreza Mesri,https://en.wikipedia.org/wiki/Abdolreza_Mesri
Fereydun Sahabi,https://en.wikipedia.org/wiki/Fereydun_Sahabi
List of Iranian mathematicians,https://en.wikipedia.org/wiki/List_of_Iranian_mathematicians
Amir Mohammadi,https://en.wikipedia.org/wiki/Amir_Mohammadi
Chehrzad Shakiban,https://en.wikipedia.org/wiki/Chehrzad_Shakiban
Abdullah Khan Ahmadieh,https://en.wikipedia.org/wiki/Abdullah_Khan_Ahmadieh
Moslem Bahadori,https://en.wikipedia.org/wiki/Moslem_Bahadori
Bahram Eynollahi,https://en.wikipedia.org/wiki/Bahram_Eynollahi
Khosrow Jamshidi,https://en.wikipedia.org/wiki/Khosrow_Jamshidi
Hamidreza Khankeh,https://en.wikipedia.org/wiki/Hamidreza_Khankeh
Samira Kiani,https://en.wikipedia.org/wiki/Samira_Kiani
Hossein Khan Motamed,https://en.wikipedia.org/wiki/Hossein_Khan_Motamed
Hossein Najmabadi,https://en.wikipedia.org/wiki/Hossein_Najmabadi
Karim Nayernia,https://en.wikipedia.org/wiki/Karim_Nayernia
Andranik Ovassapian,https://en.wikipedia.org/wiki/Andranik_Ovassapian
Reza Razavi,https://en.wikipedia.org/wiki/Reza_Razavi
Karim Vessal,https://en.wikipedia.org/wiki/Karim_Vessal
Mohammad Hassan Ganji,https://en.wikipedia.org/wiki/Mohammad_Hassan_Ganji
Jinous Nemat Mahmoudi,https://en.wikipedia.org/wiki/Jinous_Nemat_Mahmoudi
Prosecution of Hamid Ghareh-Hassanlou,https://en.wikipedia.org/wiki/Prosecution_of_Hamid_Ghareh-Hassanlou
Golchin Gilani,https://en.wikipedia.org/wiki/Golchin_Gilani
Hakim Ghulam Imam,https://en.wikipedia.org/wiki/Hakim_Ghulam_Imam
Reza Malekzadeh,https://en.wikipedia.org/wiki/Reza_Malekzadeh
Mehdi Younesi Rostami,https://en.wikipedia.org/wiki/Mehdi_Younesi_Rostami
Avideh Nazeri,https://en.wikipedia.org/wiki/Avideh_Nazeri
Parastoo Bakhshi,https://en.wikipedia.org/wiki/Parastoo_Bakhshi
Shirin Rouhanirad,https://en.wikipedia.org/wiki/Shirin_Rouhanirad
Zahra Sheikhi,https://en.wikipedia.org/wiki/Zahra_Sheikhi
Mohammad H. Ansari,https://en.wikipedia.org/wiki/Mohammad_H._Ansari
Abdolrahim Baharvand,https://en.wikipedia.org/wiki/Abdolrahim_Baharvand
Ebrahim Karimi (physicist),https://en.wikipedia.org/wiki/Ebrahim_Karimi_%28physicist%29
Reza Sepahvand,https://en.wikipedia.org/wiki/Reza_Sepahvand
Mohammad Taqi Danesh Pajouh,https://en.wikipedia.org/wiki/Mohammad_Taqi_Danesh_Pajouh
Hatam Ghaderi,https://en.wikipedia.org/wiki/Hatam_Ghaderi
Hamid Fazeli,https://en.wikipedia.org/wiki/Hamid_Fazeli
Mohammad Ali Forghani,https://en.wikipedia.org/wiki/Mohammad_Ali_Forghani
Reza Taghipour,https://en.wikipedia.org/wiki/Reza_Taghipour
Template:Iran-botanist-stub,https://en.wikipedia.org/wiki/Template%3AIran-botanist-stub
Template:Iran-mathematician-stub,https://en.wikipedia.org/wiki/Template%3AIran-mathematician-stub
Template:Iran-scientist-stub,https://en.wikipedia.org/wiki/Template%3AIran-scientist-stub
Abu al-Jud,https://en.wikipedia.org/wiki/Abu_al-Jud
Abu Ja'far ibn Habash,https://en.wikipedia.org/wiki/Abu_Ja%27far_ibn_Habash
Siavash Alamouti,https://en.wikipedia.org/wiki/Siavash_Alamouti
Reza Amrollahi,https://en.wikipedia.org/wiki/Reza_Amrollahi
Muhammad ibn Mahmud Amuli,https://en.wikipedia.org/wiki/Muhammad_ibn_Mahmud_Amuli
Farhad Ardalan,https://en.wikipedia.org/wiki/Farhad_Ardalan
Ali Reza Ashrafi,https://en.wikipedia.org/wiki/Ali_Reza_Ashrafi
Muhammad Aufi,https://en.wikipedia.org/wiki/Muhammad_Aufi
Esmail Babolian,https://en.wikipedia.org/wiki/Esmail_Babolian
Allah Verdi Mirza Farman Farmaian,https://en.wikipedia.org/wiki/Allah_Verdi_Mirza_Farman_Farmaian
Sabar Farmanfarmaian,https://en.wikipedia.org/wiki/Sabar_Farmanfarmaian
Hassan Farsam,https://en.wikipedia.org/wiki/Hassan_Farsam
Farideh Firoozbakht,https://en.wikipedia.org/wiki/Farideh_Firoozbakht
Ahmad Ghahreman,https://en.wikipedia.org/wiki/Ahmad_Ghahreman
Mohammed Ghanbari,https://en.wikipedia.org/wiki/Mohammed_Ghanbari
Kushyar ibn Labban,https://en.wikipedia.org/wiki/Kushyar_ibn_Labban
Abu Said Gorgani,https://en.wikipedia.org/wiki/Abu_Said_Gorgani
Abolfadl Harawi,https://en.wikipedia.org/wiki/Abolfadl_Harawi
Qiwam al-Din Muhammad al-Hasani,https://en.wikipedia.org/wiki/Qiwam_al-Din_Muhammad_al-Hasani
Ibn Abi Sadiq,https://en.wikipedia.org/wiki/Ibn_Abi_Sadiq
Abu al-Fath al-Isfahani,https://en.wikipedia.org/wiki/Abu_al-Fath_al-Isfahani
Kamaloddin Jenab,https://en.wikipedia.org/wiki/Kamaloddin_Jenab
Iraj Malekpour,https://en.wikipedia.org/wiki/Iraj_Malekpour
Maqsud-Ali Tabrizi,https://en.wikipedia.org/wiki/Maqsud-Ali_Tabrizi
Marjan Mashkour,https://en.wikipedia.org/wiki/Marjan_Mashkour
Arsen Minasian,https://en.wikipedia.org/wiki/Arsen_Minasian
Jamaluddin Mostaghimi,https://en.wikipedia.org/wiki/Jamaluddin_Mostaghimi
Seyed Javad Mowla,https://en.wikipedia.org/wiki/Seyed_Javad_Mowla
Muhammad Baqir Yazdi,https://en.wikipedia.org/wiki/Muhammad_Baqir_Yazdi
Muhammad ibn Yusuf al-Ilaqi,https://en.wikipedia.org/wiki/Muhammad_ibn_Yusuf_al-Ilaqi
Mūsā ibn Shākir,https://en.wikipedia.org/wiki/M%C5%ABs%C4%81_ibn_Sh%C4%81kir
Ali ibn Ahmad al-Nasawi,https://en.wikipedia.org/wiki/Ali_ibn_Ahmad_al-Nasawi
Behrouz Nikbin,https://en.wikipedia.org/wiki/Behrouz_Nikbin
Ahmad Parsa,https://en.wikipedia.org/wiki/Ahmad_Parsa
Ali Akbar Sarfaraz,https://en.wikipedia.org/wiki/Ali_Akbar_Sarfaraz
Himan Shahabi,https://en.wikipedia.org/wiki/Himan_Shahabi
Siavash Shahshahani,https://en.wikipedia.org/wiki/Siavash_Shahshahani
Homa Shaibany,https://en.wikipedia.org/wiki/Homa_Shaibany
Amin Shokrollahi,https://en.wikipedia.org/wiki/Amin_Shokrollahi
Jafar Zafarani,https://en.wikipedia.org/wiki/Jafar_Zafarani
Ibn Sahl (mathematician),https://en.wikipedia.org/wiki/Ibn_Sahl_%28mathematician%29
Nasir Khusraw,https://en.wikipedia.org/wiki/Nasir_Khusraw
Nizam al-Mulk,https://en.wikipedia.org/wiki/Nizam_al-Mulk
Fakhr al-Din al-Razi,https://en.wikipedia.org/wiki/Fakhr_al-Din_al-Razi
Zakariya al-Qazwini,https://en.wikipedia.org/wiki/Zakariya_al-Qazwini
Al-Sharif al-Jurjani,https://en.wikipedia.org/wiki/Al-Sharif_al-Jurjani
Abd al-Razzaq Samarqandi,https://en.wikipedia.org/wiki/Abd_al-Razzaq_Samarqandi
Fariba Adelkhah,https://en.wikipedia.org/wiki/Fariba_Adelkhah
Azar Andami,https://en.wikipedia.org/wiki/Azar_Andami
Homa Hoodfar,https://en.wikipedia.org/wiki/Homa_Hoodfar
Taraneh Javanbakht,https://en.wikipedia.org/wiki/Taraneh_Javanbakht
Farhad Kazemi (academic),https://en.wikipedia.org/wiki/Farhad_Kazemi_%28academic%29
Houra Merrikh,https://en.wikipedia.org/wiki/Houra_Merrikh
Homeira Moshirzadeh,https://en.wikipedia.org/wiki/Homeira_Moshirzadeh
Roxana Moslehi,https://en.wikipedia.org/wiki/Roxana_Moslehi
Eliz Sanasarian,https://en.wikipedia.org/wiki/Eliz_Sanasarian
Mohsen Amiraslani,https://en.wikipedia.org/wiki/Mohsen_Amiraslani
Elham Azizi,https://en.wikipedia.org/wiki/Elham_Azizi
Omid Cameron Farokhzad,https://en.wikipedia.org/wiki/Omid_Cameron_Farokhzad
Amir Hossein Feghhi,https://en.wikipedia.org/wiki/Amir_Hossein_Feghhi
Elham Kashefi,https://en.wikipedia.org/wiki/Elham_Kashefi
Maryam Jafarkhani Kermani,https://en.wikipedia.org/wiki/Maryam_Jafarkhani_Kermani
Soleiman Pakseresht,https://en.wikipedia.org/wiki/Soleiman_Pakseresht
Nima Rezaei,https://en.wikipedia.org/wiki/Nima_Rezaei
Sussan Siavoshi,https://en.wikipedia.org/wiki/Sussan_Siavoshi
Abbas Adham,https://en.wikipedia.org/wiki/Abbas_Adham
Yahya Adl,https://en.wikipedia.org/wiki/Yahya_Adl
Abass Alavi,https://en.wikipedia.org/wiki/Abass_Alavi
William Cormick,https://en.wikipedia.org/wiki/William_Cormick
Javad Heyat,https://en.wikipedia.org/wiki/Javad_Heyat
Hamid Ahmadieh,https://en.wikipedia.org/wiki/Hamid_Ahmadieh
Abbas Ardehali,https://en.wikipedia.org/wiki/Abbas_Ardehali
Abdol Karim Ayadi,https://en.wikipedia.org/wiki/Abdol_Karim_Ayadi
Pejman Azarmina,https://en.wikipedia.org/wiki/Pejman_Azarmina
Kamran Bagheri Lankarani,https://en.wikipedia.org/wiki/Kamran_Bagheri_Lankarani
Zahra Bani Yaghoub,https://en.wikipedia.org/wiki/Zahra_Bani_Yaghoub
Fereydoon Batmanghelidj,https://en.wikipedia.org/wiki/Fereydoon_Batmanghelidj
Alimorad Farshchian,https://en.wikipedia.org/wiki/Alimorad_Farshchian
Gary Ghahremani,https://en.wikipedia.org/wiki/Gary_Ghahremani
Hossein Gharib,https://en.wikipedia.org/wiki/Hossein_Gharib
Mohammad Gharib,https://en.wikipedia.org/wiki/Mohammad_Gharib
Armen Kocharian,https://en.wikipedia.org/wiki/Armen_Kocharian
Noah McKay,https://en.wikipedia.org/wiki/Noah_McKay
Roxana Mehran,https://en.wikipedia.org/wiki/Roxana_Mehran
Minoo Mohraz,https://en.wikipedia.org/wiki/Minoo_Mohraz
Azarakhsh Mokri,https://en.wikipedia.org/wiki/Azarakhsh_Mokri
Seyed Hossein Mousavian (physician),https://en.wikipedia.org/wiki/Seyed_Hossein_Mousavian_%28physician%29
Ali Rıza Öreroğlu,https://en.wikipedia.org/wiki/Ali_R%C4%B1za_%C3%96rero%C4%9Flu
Hossein Ravazadeh,https://en.wikipedia.org/wiki/Hossein_Ravazadeh
Majid Samii,https://en.wikipedia.org/wiki/Majid_Samii
Nasser Simforoosh,https://en.wikipedia.org/wiki/Nasser_Simforoosh
Abolfazl Soroush,https://en.wikipedia.org/wiki/Abolfazl_Soroush
Shirin Towfigh,https://en.wikipedia.org/wiki/Shirin_Towfigh
Ali Akbar Velayati,https://en.wikipedia.org/wiki/Ali_Akbar_Velayati
Ahmad Nahavandi,https://en.wikipedia.org/wiki/Ahmad_Nahavandi
Abu Hanifa Dinawari,https://en.wikipedia.org/wiki/Abu_Hanifa_Dinawari
Ghiyath al-Din Naqqash,https://en.wikipedia.org/wiki/Ghiyath_al-Din_Naqqash
Al-Khwarizmi,https://en.wikipedia.org/wiki/Al-Khwarizmi
Hamdallah Mustawfi,https://en.wikipedia.org/wiki/Hamdallah_Mustawfi
List of medieval and pre-modern Iranian doctors,https://en.wikipedia.org/wiki/List_of_medieval_and_pre-modern_Iranian_doctors
Avicenna,https://en.wikipedia.org/wiki/Avicenna
Jamshid al-Kashi,https://en.wikipedia.org/wiki/Jamshid_al-Kashi
Omar Khayyam,https://en.wikipedia.org/wiki/Omar_Khayyam
Mahbanoo Tata,https://en.wikipedia.org/wiki/Mahbanoo_Tata
Shabnam Akhtari,https://en.wikipedia.org/wiki/Shabnam_Akhtari
Soheyla Feyzbakhsh,https://en.wikipedia.org/wiki/Soheyla_Feyzbakhsh
Asma Hassannezhad,https://en.wikipedia.org/wiki/Asma_Hassannezhad
Sona Hosseini,https://en.wikipedia.org/wiki/Sona_Hosseini
Delaram Kahrobaei,https://en.wikipedia.org/wiki/Delaram_Kahrobaei
Morvarid Karimi,https://en.wikipedia.org/wiki/Morvarid_Karimi
Farideh Moradkhani,https://en.wikipedia.org/wiki/Farideh_Moradkhani
Ariane Tabatabai,https://en.wikipedia.org/wiki/Ariane_Tabatabai
Halleh Ghorashi,https://en.wikipedia.org/wiki/Halleh_Ghorashi
Category talk:Iranian women archaeologists,https://en.wikipedia.org/wiki/Category_talk%3AIranian_women_archaeologists
Zahra Kamalkhani,https://en.wikipedia.org/wiki/Zahra_Kamalkhani
Ziba Mir-Hosseini,https://en.wikipedia.org/wiki/Ziba_Mir-Hosseini
Ghodsi Mohammadi Ziarani,https://en.wikipedia.org/wiki/Ghodsi_Mohammadi_Ziarani
Doreen Granpeesheh,https://en.wikipedia.org/wiki/Doreen_Granpeesheh
Fatemeh Haghighatjoo,https://en.wikipedia.org/wiki/Fatemeh_Haghighatjoo
Sakineh (Simin) M. Redjali,https://en.wikipedia.org/wiki/Sakineh_%28Simin%29_M._Redjali
Bahare Arvin,https://en.wikipedia.org/wiki/Bahare_Arvin
Roksana Bahramitash,https://en.wikipedia.org/wiki/Roksana_Bahramitash
Chahla Chafiq,https://en.wikipedia.org/wiki/Chahla_Chafiq
Leili Echghi,https://en.wikipedia.org/wiki/Leili_Echghi
Azadeh Kian,https://en.wikipedia.org/wiki/Azadeh_Kian
Shahra Razavi,https://en.wikipedia.org/wiki/Shahra_Razavi
Mashallah ibn Athari,https://en.wikipedia.org/wiki/Mashallah_ibn_Athari
Naubakht,https://en.wikipedia.org/wiki/Naubakht
Ya'qub ibn Tariq,https://en.wikipedia.org/wiki/Ya%27qub_ibn_Tariq
Khalid ibn Abd al-Malik al-Marwarrudhi,https://en.wikipedia.org/wiki/Khalid_ibn_Abd_al-Malik_al-Marwarrudhi
Abu'l-'Anbas Saymari,https://en.wikipedia.org/wiki/Abu%27l-%27Anbas_Saymari
Abu Ma'shar al-Balkhi,https://en.wikipedia.org/wiki/Abu_Ma%27shar_al-Balkhi
Banū Mūsā brothers,https://en.wikipedia.org/wiki/Ban%C5%AB_M%C5%ABs%C4%81_brothers
Al-Farghani,https://en.wikipedia.org/wiki/Al-Farghani
Habash al-Hasib,https://en.wikipedia.org/wiki/Habash_al-Hasib
Abu al-Abbas Iranshahri,https://en.wikipedia.org/wiki/Abu_al-Abbas_Iranshahri
Al-Mahani,https://en.wikipedia.org/wiki/Al-Mahani
Al-Nayrizi,https://en.wikipedia.org/wiki/Al-Nayrizi
Sahl ibn Bishr,https://en.wikipedia.org/wiki/Sahl_ibn_Bishr
Yahya ibn Abi Mansur,https://en.wikipedia.org/wiki/Yahya_ibn_Abi_Mansur
Abu al-Hasan al-Ahwazi,https://en.wikipedia.org/wiki/Abu_al-Hasan_al-Ahwazi
Abu Ja'far al-Khazin,https://en.wikipedia.org/wiki/Abu_Ja%27far_al-Khazin
Abu al-Wafa' al-Buzjani,https://en.wikipedia.org/wiki/Abu_al-Wafa%27_al-Buzjani
Haseb-i Tabari,https://en.wikipedia.org/wiki/Haseb-i_Tabari
Abu-Mahmud Khujandi,https://en.wikipedia.org/wiki/Abu-Mahmud_Khujandi
Abu Nasr Mansur,https://en.wikipedia.org/wiki/Abu_Nasr_Mansur
Abu Sahl al-Quhi,https://en.wikipedia.org/wiki/Abu_Sahl_al-Quhi
Saghani,https://en.wikipedia.org/wiki/Saghani
Al-Sijzi,https://en.wikipedia.org/wiki/Al-Sijzi
Abd al-Rahman al-Sufi,https://en.wikipedia.org/wiki/Abd_al-Rahman_al-Sufi
Abu'l-Hasan Bayhaqi,https://en.wikipedia.org/wiki/Abu%27l-Hasan_Bayhaqi
Al-Kharaqī,https://en.wikipedia.org/wiki/Al-Kharaq%C4%AB
Anvari,https://en.wikipedia.org/wiki/Anvari
Sharaf al-Din al-Tusi,https://en.wikipedia.org/wiki/Sharaf_al-Din_al-Tusi
Athir al-Din al-Abhari,https://en.wikipedia.org/wiki/Athir_al-Din_al-Abhari
Bi Bi Monajemeh Nishaburi,https://en.wikipedia.org/wiki/Bi_Bi_Monajemeh_Nishaburi
Jamal ad-Din Bukhari,https://en.wikipedia.org/wiki/Jamal_ad-Din_Bukhari
Muhammad ibn Abi Bakr al-Farisi,https://en.wikipedia.org/wiki/Muhammad_ibn_Abi_Bakr_al-Farisi
Muhyi al-Din al-Maghribi,https://en.wikipedia.org/wiki/Muhyi_al-Din_al-Maghribi
Qutb al-Din al-Shirazi,https://en.wikipedia.org/wiki/Qutb_al-Din_al-Shirazi
Nasir al-Din al-Tusi,https://en.wikipedia.org/wiki/Nasir_al-Din_al-Tusi
Abu al-'Uqul,https://en.wikipedia.org/wiki/Abu_al-%27Uqul
Al-Wabkanawi,https://en.wikipedia.org/wiki/Al-Wabkanawi
Nizam al-Din al-Nisaburi,https://en.wikipedia.org/wiki/Nizam_al-Din_al-Nisaburi
Abu Ishaq al-Kubunani,https://en.wikipedia.org/wiki/Abu_Ishaq_al-Kubunani
Husayn Kashifi,https://en.wikipedia.org/wiki/Husayn_Kashifi
Ali Qushji,https://en.wikipedia.org/wiki/Ali_Qushji
Baha al-Din al-Amili,https://en.wikipedia.org/wiki/Baha_al-Din_al-Amili
Al-Birjandi,https://en.wikipedia.org/wiki/Al-Birjandi
Shams al-Din al-Khafri,https://en.wikipedia.org/wiki/Shams_al-Din_al-Khafri
Mosleh al-Din Lari,https://en.wikipedia.org/wiki/Mosleh_al-Din_Lari
Yousef Sobouti,https://en.wikipedia.org/wiki/Yousef_Sobouti
Manouchehr Hakim,https://en.wikipedia.org/wiki/Manouchehr_Hakim
Naser Maleknia,https://en.wikipedia.org/wiki/Naser_Maleknia
Ali Akbar Saboury,https://en.wikipedia.org/wiki/Ali_Akbar_Saboury
Ali Shilatifard,https://en.wikipedia.org/wiki/Ali_Shilatifard
Ghassem Amoabediny,https://en.wikipedia.org/wiki/Ghassem_Amoabediny
Ali Khademhosseini,https://en.wikipedia.org/wiki/Ali_Khademhosseini
Amir Manbachi,https://en.wikipedia.org/wiki/Amir_Manbachi
Saeed Zahedi,https://en.wikipedia.org/wiki/Saeed_Zahedi
Morteza Mahmoudi,https://en.wikipedia.org/wiki/Morteza_Mahmoudi
Nasrin Moazami,https://en.wikipedia.org/wiki/Nasrin_Moazami
Amirhossein Sahebkar,https://en.wikipedia.org/wiki/Amirhossein_Sahebkar
Eskandar Firouz,https://en.wikipedia.org/wiki/Eskandar_Firouz
Maziar Ashrafian Bonab,https://en.wikipedia.org/wiki/Maziar_Ashrafian_Bonab
Saeed Reza Ghaffari,https://en.wikipedia.org/wiki/Saeed_Reza_Ghaffari
Pardis Sabeti,https://en.wikipedia.org/wiki/Pardis_Sabeti
Fatemeh Javadi,https://en.wikipedia.org/wiki/Fatemeh_Javadi
Mohammad-Javad Mohammadizadeh,https://en.wikipedia.org/wiki/Mohammad-Javad_Mohammadizadeh
Behrouz Boroumand,https://en.wikipedia.org/wiki/Behrouz_Boroumand
Naser Kamalian,https://en.wikipedia.org/wiki/Naser_Kamalian
Ali Mobasheri,https://en.wikipedia.org/wiki/Ali_Mobasheri
Jalal Afshar,https://en.wikipedia.org/wiki/Jalal_Afshar
Masoud Hedayatifard,https://en.wikipedia.org/wiki/Masoud_Hedayatifard
Hayk Mirzayans,https://en.wikipedia.org/wiki/Hayk_Mirzayans
Ostanes,https://en.wikipedia.org/wiki/Ostanes
Riyaz Kharrat,https://en.wikipedia.org/wiki/Riyaz_Kharrat
Yadollah Mortazavi,https://en.wikipedia.org/wiki/Yadollah_Mortazavi
Muhammad Sahimi,https://en.wikipedia.org/wiki/Muhammad_Sahimi
Jafar Towfighi,https://en.wikipedia.org/wiki/Jafar_Towfighi
Mojtaba Vahedi,https://en.wikipedia.org/wiki/Mojtaba_Vahedi
Arash Ghorbani-Choghamarani,https://en.wikipedia.org/wiki/Arash_Ghorbani-Choghamarani
Junes Ipaktschi,https://en.wikipedia.org/wiki/Junes_Ipaktschi
Zahra Fakhraai,https://en.wikipedia.org/wiki/Zahra_Fakhraai
Ali Jadbabaie,https://en.wikipedia.org/wiki/Ali_Jadbabaie
Homayoon Kazerooni,https://en.wikipedia.org/wiki/Homayoon_Kazerooni
Reza Olfati-Saber,https://en.wikipedia.org/wiki/Reza_Olfati-Saber
Homayoun Seraji,https://en.wikipedia.org/wiki/Homayoun_Seraji
Behdad Esfahbod,https://en.wikipedia.org/wiki/Behdad_Esfahbod
Amir Emad Mirmirani,https://en.wikipedia.org/wiki/Amir_Emad_Mirmirani
Saber Rastikerdar,https://en.wikipedia.org/wiki/Saber_Rastikerdar
Bahram Akasheh,https://en.wikipedia.org/wiki/Bahram_Akasheh
Nasim Amiralian,https://en.wikipedia.org/wiki/Nasim_Amiralian
Fereydoon Family,https://en.wikipedia.org/wiki/Fereydoon_Family
Mohsen Izadi,https://en.wikipedia.org/wiki/Mohsen_Izadi
Mohammad Abbasi-Shavazi,https://en.wikipedia.org/wiki/Mohammad_Abbasi-Shavazi
Meimanat Hosseini-Chavoshi,https://en.wikipedia.org/wiki/Meimanat_Hosseini-Chavoshi
Stella Baruk,https://en.wikipedia.org/wiki/Stella_Baruk
Elham Kazemi,https://en.wikipedia.org/wiki/Elham_Kazemi
Mohsen Naghavi,https://en.wikipedia.org/wiki/Mohsen_Naghavi
Abu al-Qasim al-Habib Neishapuri,https://en.wikipedia.org/wiki/Abu_al-Qasim_al-Habib_Neishapuri
Apollonides of Cos,https://en.wikipedia.org/wiki/Apollonides_of_Cos
Ctesias,https://en.wikipedia.org/wiki/Ctesias
Udjahorresnet,https://en.wikipedia.org/wiki/Udjahorresnet
Sayyed Bozorg Mahmoody,https://en.wikipedia.org/wiki/Sayyed_Bozorg_Mahmoody
Rashid Massumi,https://en.wikipedia.org/wiki/Rashid_Massumi
Mohammad-Reza Zafarghandi,https://en.wikipedia.org/wiki/Mohammad-Reza_Zafarghandi
Iraj Nazeri,https://en.wikipedia.org/wiki/Iraj_Nazeri
Fereydoun Ala,https://en.wikipedia.org/wiki/Fereydoun_Ala
Mina Izadyar,https://en.wikipedia.org/wiki/Mina_Izadyar
Asghar Aghamohammadi,https://en.wikipedia.org/wiki/Asghar_Aghamohammadi
Masoumeh Ebtekar,https://en.wikipedia.org/wiki/Masoumeh_Ebtekar
Neda Alijani,https://en.wikipedia.org/wiki/Neda_Alijani
Manouchehr Eghbal,https://en.wikipedia.org/wiki/Manouchehr_Eghbal
Alireza Yalda,https://en.wikipedia.org/wiki/Alireza_Yalda
Mehdi Azar,https://en.wikipedia.org/wiki/Mehdi_Azar
Mohammad-Reza Khatami,https://en.wikipedia.org/wiki/Mohammad-Reza_Khatami
Ali Nobakht,https://en.wikipedia.org/wiki/Ali_Nobakht
Mohammad Ali Sahraian,https://en.wikipedia.org/wiki/Mohammad_Ali_Sahraian
Siroos Mirzaei,https://en.wikipedia.org/wiki/Siroos_Mirzaei
Sadegh Nezam-mafi,https://en.wikipedia.org/wiki/Sadegh_Nezam-mafi
Habibollah Hedayat,https://en.wikipedia.org/wiki/Habibollah_Hedayat
Camran Nezhat,https://en.wikipedia.org/wiki/Camran_Nezhat
Jahanshah Saleh,https://en.wikipedia.org/wiki/Jahanshah_Saleh
Marzieh Vahid-Dastjerdi,https://en.wikipedia.org/wiki/Marzieh_Vahid-Dastjerdi
Azin Alizadehasl,https://en.wikipedia.org/wiki/Azin_Alizadehasl
Abbas Bagheri Lotfabad,https://en.wikipedia.org/wiki/Abbas_Bagheri_Lotfabad
Hassan Ghazizadeh Hashemi,https://en.wikipedia.org/wiki/Hassan_Ghazizadeh_Hashemi
Ali Asghar Khodadoust,https://en.wikipedia.org/wiki/Ali_Asghar_Khodadoust
Mehrdad Afarid,https://en.wikipedia.org/wiki/Mehrdad_Afarid
Gholam A. Peyman,https://en.wikipedia.org/wiki/Gholam_A._Peyman
Muhammad Zarrindast,https://en.wikipedia.org/wiki/Muhammad_Zarrindast
Homa Darabi,https://en.wikipedia.org/wiki/Homa_Darabi
Hossein Fakhraee,https://en.wikipedia.org/wiki/Hossein_Fakhraee
Alireza Marandi,https://en.wikipedia.org/wiki/Alireza_Marandi
Parvaneh Vossough,https://en.wikipedia.org/wiki/Parvaneh_Vossough
Jafar Bolhari,https://en.wikipedia.org/wiki/Jafar_Bolhari
Ebrahim Chehrazi,https://en.wikipedia.org/wiki/Ebrahim_Chehrazi
Levon Davidian,https://en.wikipedia.org/wiki/Levon_Davidian
Hossein Fatemi (psychiatrist),https://en.wikipedia.org/wiki/Hossein_Fatemi_%28psychiatrist%29
Nassir Ghaemi,https://en.wikipedia.org/wiki/Nassir_Ghaemi
Hamid Ghodse,https://en.wikipedia.org/wiki/Hamid_Ghodse
Javad Nurbakhsh,https://en.wikipedia.org/wiki/Javad_Nurbakhsh
Nossrat Peseschkian,https://en.wikipedia.org/wiki/Nossrat_Peseschkian
Gholam-Hossein Sa'edi,https://en.wikipedia.org/wiki/Gholam-Hossein_Sa%27edi
Kazem Sami,https://en.wikipedia.org/wiki/Kazem_Sami
Mohammadreza Sargolzaee,https://en.wikipedia.org/wiki/Mohammadreza_Sargolzaee
Bahman Sholevar,https://en.wikipedia.org/wiki/Bahman_Sholevar
Afshin Yadollahi,https://en.wikipedia.org/wiki/Afshin_Yadollahi
Kamiar and Arash Alaei incident,https://en.wikipedia.org/wiki/Kamiar_and_Arash_Alaei_incident
Hossein Malek-Afzali,https://en.wikipedia.org/wiki/Hossein_Malek-Afzali
Abolhassan Ziyā-Zarifi,https://en.wikipedia.org/wiki/Abolhassan_Ziy%C4%81-Zarifi
Rahmatollah Hafezi,https://en.wikipedia.org/wiki/Rahmatollah_Hafezi
Iradj Fazel,https://en.wikipedia.org/wiki/Iradj_Fazel
Minoo Lenarz,https://en.wikipedia.org/wiki/Minoo_Lenarz
Aboutorab Naficy,https://en.wikipedia.org/wiki/Aboutorab_Naficy
Younan Nowzaradan,https://en.wikipedia.org/wiki/Younan_Nowzaradan
Sakineh Peri,https://en.wikipedia.org/wiki/Sakineh_Peri
Ali Asqar Peyvandi,https://en.wikipedia.org/wiki/Ali_Asqar_Peyvandi
Masoud Pezeshkian,https://en.wikipedia.org/wiki/Masoud_Pezeshkian
Noraladin Pirmoazzen,https://en.wikipedia.org/wiki/Noraladin_Pirmoazzen
Rahim Rahmanzadeh,https://en.wikipedia.org/wiki/Rahim_Rahmanzadeh
Farrokh Saidi,https://en.wikipedia.org/wiki/Farrokh_Saidi
Mahdi Balali-Mood,https://en.wikipedia.org/wiki/Mahdi_Balali-Mood
Hamid Reza Rasekh,https://en.wikipedia.org/wiki/Hamid_Reza_Rasekh
Gholam-Reza Pourmand,https://en.wikipedia.org/wiki/Gholam-Reza_Pourmand
Farzaneh Sharifi,https://en.wikipedia.org/wiki/Farzaneh_Sharifi
Fereydoon Abbasi,https://en.wikipedia.org/wiki/Fereydoon_Abbasi
Abbas Anvari,https://en.wikipedia.org/wiki/Abbas_Anvari
Saeed Borji,https://en.wikipedia.org/wiki/Saeed_Borji
Mohsen Fakhrizadeh,https://en.wikipedia.org/wiki/Mohsen_Fakhrizadeh
Mehran Kardar,https://en.wikipedia.org/wiki/Mehran_Kardar
Reza Mansouri,https://en.wikipedia.org/wiki/Reza_Mansouri
Abdolhamid Minouchehr,https://en.wikipedia.org/wiki/Abdolhamid_Minouchehr
Firouz Partovi,https://en.wikipedia.org/wiki/Firouz_Partovi
Majid Shahriari,https://en.wikipedia.org/wiki/Majid_Shahriari
Ahmad Shirzad,https://en.wikipedia.org/wiki/Ahmad_Shirzad
Massoud Ali-Mohammadi,https://en.wikipedia.org/wiki/Massoud_Ali-Mohammadi
Taghi Amirani,https://en.wikipedia.org/wiki/Taghi_Amirani
Nima Arkani-Hamed,https://en.wikipedia.org/wiki/Nima_Arkani-Hamed
Yasaman Farzan,https://en.wikipedia.org/wiki/Yasaman_Farzan
Ramin Golestanian,https://en.wikipedia.org/wiki/Ramin_Golestanian
Hassan Jawahery,https://en.wikipedia.org/wiki/Hassan_Jawahery
Sadollah Nasiri Gheydari,https://en.wikipedia.org/wiki/Sadollah_Nasiri_Gheydari
Shahriar Rouhani,https://en.wikipedia.org/wiki/Shahriar_Rouhani
Pedram Roushan,https://en.wikipedia.org/wiki/Pedram_Roushan
Taha Yasseri,https://en.wikipedia.org/wiki/Taha_Yasseri
Mansour Asgari,https://en.wikipedia.org/wiki/Mansour_Asgari
Ardeshir Hosseinpour,https://en.wikipedia.org/wiki/Ardeshir_Hosseinpour
Hassan Sayyad Khodaei,https://en.wikipedia.org/wiki/Hassan_Sayyad_Khodaei
Dariush Rezaeinejad,https://en.wikipedia.org/wiki/Dariush_Rezaeinejad
Seyyed Isar Tabatabai Qomsheh,https://en.wikipedia.org/wiki/Seyyed_Isar_Tabatabai_Qomsheh
Ali Asghar Soltanieh,https://en.wikipedia.org/wiki/Ali_Asghar_Soltanieh
Ahmadreza Zolfaghari Daryani,https://en.wikipedia.org/wiki/Ahmadreza_Zolfaghari_Daryani
Kameel Ahmady,https://en.wikipedia.org/wiki/Kameel_Ahmady
Jalal Al-e-Ahmad,https://en.wikipedia.org/wiki/Jalal_Al-e-Ahmad
Mohammad Reza Ale Ebrahim,https://en.wikipedia.org/wiki/Mohammad_Reza_Ale_Ebrahim
Nasser Fakouhi,https://en.wikipedia.org/wiki/Nasser_Fakouhi
Nematollah Fazeli,https://en.wikipedia.org/wiki/Nematollah_Fazeli
Pedram Khosronejad,https://en.wikipedia.org/wiki/Pedram_Khosronejad
Sadegh Malek Shahmirzadi,https://en.wikipedia.org/wiki/Sadegh_Malek_Shahmirzadi
Kamyar Abdi,https://en.wikipedia.org/wiki/Kamyar_Abdi
Ali Sami Shirazi,https://en.wikipedia.org/wiki/Ali_Sami_Shirazi
Abbas Alizadeh,https://en.wikipedia.org/wiki/Abbas_Alizadeh
Abdul Majid Arfaei,https://en.wikipedia.org/wiki/Abdul_Majid_Arfaei
Massoud Azarnoush,https://en.wikipedia.org/wiki/Massoud_Azarnoush
Firouz Bagherzadeh,https://en.wikipedia.org/wiki/Firouz_Bagherzadeh
Fereidoun Biglari,https://en.wikipedia.org/wiki/Fereidoun_Biglari
Seifollah Kambakhshfard,https://en.wikipedia.org/wiki/Seifollah_Kambakhshfard
Yusef Majidzadeh,https://en.wikipedia.org/wiki/Yusef_Majidzadeh
Ezzat Negahban,https://en.wikipedia.org/wiki/Ezzat_Negahban
Jebrael Nokandeh,https://en.wikipedia.org/wiki/Jebrael_Nokandeh
Shahrokh Razmjou,https://en.wikipedia.org/wiki/Shahrokh_Razmjou
Alireza Shapour Shahbazi,https://en.wikipedia.org/wiki/Alireza_Shapour_Shahbazi
Parviz Varjavand,https://en.wikipedia.org/wiki/Parviz_Varjavand
Rasool Vatandoust,https://en.wikipedia.org/wiki/Rasool_Vatandoust
Esmaeil Yaghmaei,https://en.wikipedia.org/wiki/Esmaeil_Yaghmaei
Ali Espahbodi,https://en.wikipedia.org/wiki/Ali_Espahbodi
Farshad Fatemi,https://en.wikipedia.org/wiki/Farshad_Fatemi
Fereydoun Mahdavi,https://en.wikipedia.org/wiki/Fereydoun_Mahdavi
Hassan Ghalibaf Asl,https://en.wikipedia.org/wiki/Hassan_Ghalibaf_Asl
Mousa Ghaninejad,https://en.wikipedia.org/wiki/Mousa_Ghaninejad
Nader Habibi,https://en.wikipedia.org/wiki/Nader_Habibi
Reza Hamzaee,https://en.wikipedia.org/wiki/Reza_Hamzaee
Abdolnaser Hemmati,https://en.wikipedia.org/wiki/Abdolnaser_Hemmati
Ismael Hossein-zadeh,https://en.wikipedia.org/wiki/Ismael_Hossein-zadeh
Mohammad Reza Hosseinzadeh,https://en.wikipedia.org/wiki/Mohammad_Reza_Hosseinzadeh
Gholam Hossein Jahanshahi,https://en.wikipedia.org/wiki/Gholam_Hossein_Jahanshahi
Masoud Karbasian,https://en.wikipedia.org/wiki/Masoud_Karbasian
Homa Katouzian,https://en.wikipedia.org/wiki/Homa_Katouzian
Firouzeh Khalatbari,https://en.wikipedia.org/wiki/Firouzeh_Khalatbari
Sadeq Khalilian,https://en.wikipedia.org/wiki/Sadeq_Khalilian
Farid Khavari,https://en.wikipedia.org/wiki/Farid_Khavari
Tahmasb Mazaheri,https://en.wikipedia.org/wiki/Tahmasb_Mazaheri
Abbas Mirakhor,https://en.wikipedia.org/wiki/Abbas_Mirakhor
Mohammad-Ali Molavi,https://en.wikipedia.org/wiki/Mohammad-Ali_Molavi
Saeed Moshiri,https://en.wikipedia.org/wiki/Saeed_Moshiri
Mohammad Nahavandian,https://en.wikipedia.org/wiki/Mohammad_Nahavandian
Masoud Nili,https://en.wikipedia.org/wiki/Masoud_Nili
Mohammad Bagher Nobakht,https://en.wikipedia.org/wiki/Mohammad_Bagher_Nobakht
Alireza Nobari,https://en.wikipedia.org/wiki/Alireza_Nobari
Mohsen Nourbakhsh,https://en.wikipedia.org/wiki/Mohsen_Nourbakhsh
Kazem Oraee,https://en.wikipedia.org/wiki/Kazem_Oraee
M. Hashem Pesaran,https://en.wikipedia.org/wiki/M._Hashem_Pesaran
Ali-Ashraf Abdollah Porihoseini,https://en.wikipedia.org/wiki/Ali-Ashraf_Abdollah_Porihoseini
Farhad Rahbar,https://en.wikipedia.org/wiki/Farhad_Rahbar
Fariborz Raisdana,https://en.wikipedia.org/wiki/Fariborz_Raisdana
Mohammad Sattarifar,https://en.wikipedia.org/wiki/Mohammad_Sattarifar
Valiollah Seif,https://en.wikipedia.org/wiki/Valiollah_Seif
Manuchehr Shahrokhi,https://en.wikipedia.org/wiki/Manuchehr_Shahrokhi
Ebrahim Sheibani,https://en.wikipedia.org/wiki/Ebrahim_Sheibani
Gholam Hosein Shiri Aliabad,https://en.wikipedia.org/wiki/Gholam_Hosein_Shiri_Aliabad
Mohammad Reza Tabesh,https://en.wikipedia.org/wiki/Mohammad_Reza_Tabesh
Mohammad Tabibian,https://en.wikipedia.org/wiki/Mohammad_Tabibian
Hossein Abdoh Tabrizi,https://en.wikipedia.org/wiki/Hossein_Abdoh_Tabrizi
Gholamreza Tajgardoon,https://en.wikipedia.org/wiki/Gholamreza_Tajgardoon
Ali Tayebnia,https://en.wikipedia.org/wiki/Ali_Tayebnia
Mehrdad Vahabi,https://en.wikipedia.org/wiki/Mehrdad_Vahabi
Mohammad-Javad Vahaji,https://en.wikipedia.org/wiki/Mohammad-Javad_Vahaji
Jamileh Alamolhoda,https://en.wikipedia.org/wiki/Jamileh_Alamolhoda
Khosrow Bagheri,https://en.wikipedia.org/wiki/Khosrow_Bagheri
Ali Shariatmadari,https://en.wikipedia.org/wiki/Ali_Shariatmadari
Seyed Kazem Alavipanah,https://en.wikipedia.org/wiki/Seyed_Kazem_Alavipanah
Mostafa Momeni,https://en.wikipedia.org/wiki/Mostafa_Momeni
Zayn al-Abidin Shirvani,https://en.wikipedia.org/wiki/Zayn_al-Abidin_Shirvani
Manouchehr Sotoudeh,https://en.wikipedia.org/wiki/Manouchehr_Sotoudeh
Rouben Abrahamian,https://en.wikipedia.org/wiki/Rouben_Abrahamian
Iraj Afshar,https://en.wikipedia.org/wiki/Iraj_Afshar
Jaleh Amouzgar,https://en.wikipedia.org/wiki/Jaleh_Amouzgar
Amir-Hossein Aryanpour,https://en.wikipedia.org/wiki/Amir-Hossein_Aryanpour
Garnik Asatrian,https://en.wikipedia.org/wiki/Garnik_Asatrian
Azartash Azarnoosh,https://en.wikipedia.org/wiki/Azartash_Azarnoosh
Mehrdad Bahar,https://en.wikipedia.org/wiki/Mehrdad_Bahar
Mohammad-Reza Bateni,https://en.wikipedia.org/wiki/Mohammad-Reza_Bateni
Mahmood Bijankhan,https://en.wikipedia.org/wiki/Mahmood_Bijankhan
Mohammad Dabir Moghaddam,https://en.wikipedia.org/wiki/Mohammad_Dabir_Moghaddam
Ali Darzi,https://en.wikipedia.org/wiki/Ali_Darzi
Ali-Akbar Dehkhoda,https://en.wikipedia.org/wiki/Ali-Akbar_Dehkhoda
Farshid Delshad,https://en.wikipedia.org/wiki/Farshid_Delshad
Gholamreza Emrani,https://en.wikipedia.org/wiki/Gholamreza_Emrani
Hossein Farhady,https://en.wikipedia.org/wiki/Hossein_Farhady
Ibn Faris,https://en.wikipedia.org/wiki/Ibn_Faris
Abu Ali al-Farisi,https://en.wikipedia.org/wiki/Abu_Ali_al-Farisi
Firuzabadi,https://en.wikipedia.org/wiki/Firuzabadi
Five-Masters,https://en.wikipedia.org/wiki/Five-Masters
Badiozzaman Forouzanfar,https://en.wikipedia.org/wiki/Badiozzaman_Forouzanfar
Forsat-od-Dowleh Shirazi,https://en.wikipedia.org/wiki/Forsat-od-Dowleh_Shirazi
Badr al-Zaman Gharib,https://en.wikipedia.org/wiki/Badr_al-Zaman_Gharib
Ali Mohammad Haghshenas,https://en.wikipedia.org/wiki/Ali_Mohammad_Haghshenas
Ibn Khalawayh,https://en.wikipedia.org/wiki/Ibn_Khalawayh
Nader Jahangiri,https://en.wikipedia.org/wiki/Nader_Jahangiri
Jalal al-Din al-Qazwini,https://en.wikipedia.org/wiki/Jalal_al-Din_al-Qazwini
Iraj Kaboli,https://en.wikipedia.org/wiki/Iraj_Kaboli
Ahmad Kasravi,https://en.wikipedia.org/wiki/Ahmad_Kasravi
Alexander Kasimovich Kazembek,https://en.wikipedia.org/wiki/Alexander_Kasimovich_Kazembek
Parviz Natel-Khanlari,https://en.wikipedia.org/wiki/Parviz_Natel-Khanlari
Behrooz Mahmoodi-Bakhtiari,https://en.wikipedia.org/wiki/Behrooz_Mahmoodi-Bakhtiari
Naser Manzuri,https://en.wikipedia.org/wiki/Naser_Manzuri
Katayun Mazdapour,https://en.wikipedia.org/wiki/Katayun_Mazdapour
Seyyed Mohammad Bagher Borghei Modarres,https://en.wikipedia.org/wiki/Seyyed_Mohammad_Bagher_Borghei_Modarres
Golnaz Modarresi Ghavami,https://en.wikipedia.org/wiki/Golnaz_Modarresi_Ghavami
Yahya Modarresi,https://en.wikipedia.org/wiki/Yahya_Modarresi
Mohammad Moin,https://en.wikipedia.org/wiki/Mohammad_Moin
Davud Monshizadeh,https://en.wikipedia.org/wiki/Davud_Monshizadeh
Mahshid Moshiri,https://en.wikipedia.org/wiki/Mahshid_Moshiri
Fereydoon Motamed,https://en.wikipedia.org/wiki/Fereydoon_Motamed
Khosro Naghed,https://en.wikipedia.org/wiki/Khosro_Naghed
Abolhassan Najafi,https://en.wikipedia.org/wiki/Abolhassan_Najafi
Amnon Netzer,https://en.wikipedia.org/wiki/Amnon_Netzer
Estiphan Panoussi,https://en.wikipedia.org/wiki/Estiphan_Panoussi
Ebrahim Pourdavoud,https://en.wikipedia.org/wiki/Ebrahim_Pourdavoud
Fatemeh Rakeei,https://en.wikipedia.org/wiki/Fatemeh_Rakeei
Ali Ashraf Sadeghi,https://en.wikipedia.org/wiki/Ali_Ashraf_Sadeghi
Kourosh Safavi,https://en.wikipedia.org/wiki/Kourosh_Safavi
Yadollah Samareh,https://en.wikipedia.org/wiki/Yadollah_Samareh
Mandana Seyfeddinipur,https://en.wikipedia.org/wiki/Mandana_Seyfeddinipur
Jafar Shahidi,https://en.wikipedia.org/wiki/Jafar_Shahidi
Farzad Sharifian,https://en.wikipedia.org/wiki/Farzad_Sharifian
Sibawayh,https://en.wikipedia.org/wiki/Sibawayh
Siraj al-Din al-Sakkaki,https://en.wikipedia.org/wiki/Siraj_al-Din_al-Sakkaki
Omid Tabibzadeh,https://en.wikipedia.org/wiki/Omid_Tabibzadeh
Ahmad Tafazzoli,https://en.wikipedia.org/wiki/Ahmad_Tafazzoli
Ibn Abi Tahir Tayfur,https://en.wikipedia.org/wiki/Ibn_Abi_Tahir_Tayfur
Al-Tha'alibi,https://en.wikipedia.org/wiki/Al-Tha%27alibi
Ehsan Yarshater,https://en.wikipedia.org/wiki/Ehsan_Yarshater
Zabih Behrouz,https://en.wikipedia.org/wiki/Zabih_Behrouz
Al-Zamakhshari,https://en.wikipedia.org/wiki/Al-Zamakhshari
Behrooz Abdolvand,https://en.wikipedia.org/wiki/Behrooz_Abdolvand
Arash Abizadeh,https://en.wikipedia.org/wiki/Arash_Abizadeh
Kaveh L. Afrasiabi,https://en.wikipedia.org/wiki/Kaveh_L._Afrasiabi
Mahdi Ahouie,https://en.wikipedia.org/wiki/Mahdi_Ahouie
Alireza Alavitabar,https://en.wikipedia.org/wiki/Alireza_Alavitabar
Nazanin Armanian,https://en.wikipedia.org/wiki/Nazanin_Armanian
Kayhan Barzegar,https://en.wikipedia.org/wiki/Kayhan_Barzegar
Hossein Bashiriyeh,https://en.wikipedia.org/wiki/Hossein_Bashiriyeh
Nasser Behnegar,https://en.wikipedia.org/wiki/Nasser_Behnegar
Anoushiravan Ehteshami,https://en.wikipedia.org/wiki/Anoushiravan_Ehteshami
Hamid Enayat,https://en.wikipedia.org/wiki/Hamid_Enayat
Nader Entessar,https://en.wikipedia.org/wiki/Nader_Entessar
Mohammad Hassan Ghadrdan Gharamaleki,https://en.wikipedia.org/wiki/Mohammad_Hassan_Ghadrdan_Gharamaleki
Saeid Golkar,https://en.wikipedia.org/wiki/Saeid_Golkar
Hossein Hafezian,https://en.wikipedia.org/wiki/Hossein_Hafezian
Mohammad-Reza Hafeznia,https://en.wikipedia.org/wiki/Mohammad-Reza_Hafeznia
Ali Haghshenas,https://en.wikipedia.org/wiki/Ali_Haghshenas
Davoud Hermidas-Bavand,https://en.wikipedia.org/wiki/Davoud_Hermidas-Bavand
Seyed Sajjad Izdehi,https://en.wikipedia.org/wiki/Seyed_Sajjad_Izdehi
Ahmad Khaleghi Damghani,https://en.wikipedia.org/wiki/Ahmad_Khaleghi_Damghani
Laleh Khalili,https://en.wikipedia.org/wiki/Laleh_Khalili
Elaheh Koulaei,https://en.wikipedia.org/wiki/Elaheh_Koulaei
Najaf Lakzaee,https://en.wikipedia.org/wiki/Najaf_Lakzaee
Ali Latifiyan,https://en.wikipedia.org/wiki/Ali_Latifiyan
Yassamine Mather,https://en.wikipedia.org/wiki/Yassamine_Mather
Ali Mirsepassi,https://en.wikipedia.org/wiki/Ali_Mirsepassi
Vali Nasr,https://en.wikipedia.org/wiki/Vali_Nasr
Zahra Nejadbahram,https://en.wikipedia.org/wiki/Zahra_Nejadbahram
Ardeshir Pashang,https://en.wikipedia.org/wiki/Ardeshir_Pashang
Siavash Saffari,https://en.wikipedia.org/wiki/Siavash_Saffari
Seyed Kazem Seyed Bagheri,https://en.wikipedia.org/wiki/Seyed_Kazem_Seyed_Bagheri
Fatemeh Shayan,https://en.wikipedia.org/wiki/Fatemeh_Shayan
Manshour Varasteh,https://en.wikipedia.org/wiki/Manshour_Varasteh
Sadegh Zibakalam,https://en.wikipedia.org/wiki/Sadegh_Zibakalam
Ali Fathi-Ashtiani,https://en.wikipedia.org/wiki/Ali_Fathi-Ashtiani
'Ali ibn al-'Abbas al-Majusi,https://en.wikipedia.org/wiki/%27Ali_ibn_al-%27Abbas_al-Majusi
Fathali M. Moghaddam,https://en.wikipedia.org/wiki/Fathali_M._Moghaddam
Hamidreza Pouretemad,https://en.wikipedia.org/wiki/Hamidreza_Pouretemad
Abu Bakr al-Razi,https://en.wikipedia.org/wiki/Abu_Bakr_al-Razi
Ali ibn Sahl Rabban al-Tabari,https://en.wikipedia.org/wiki/Ali_ibn_Sahl_Rabban_al-Tabari
Mostafa Tabrizi,https://en.wikipedia.org/wiki/Mostafa_Tabrizi
Emad Afroogh,https://en.wikipedia.org/wiki/Emad_Afroogh
Manuchehr Ashtiani,https://en.wikipedia.org/wiki/Manuchehr_Ashtiani
Mostafa Azkia,https://en.wikipedia.org/wiki/Mostafa_Azkia
Asef Bayat,https://en.wikipedia.org/wiki/Asef_Bayat
Hajar Chenarani,https://en.wikipedia.org/wiki/Hajar_Chenarani
Mohammad Fazeli,https://en.wikipedia.org/wiki/Mohammad_Fazeli
Behrooz Ghamari-Tabrizi,https://en.wikipedia.org/wiki/Behrooz_Ghamari-Tabrizi
Ali Gheissari,https://en.wikipedia.org/wiki/Ali_Gheissari
Zhina Modares Gorji,https://en.wikipedia.org/wiki/Zhina_Modares_Gorji
Abdollah Guivian,https://en.wikipedia.org/wiki/Abdollah_Guivian
Ebrahim Hajiani,https://en.wikipedia.org/wiki/Ebrahim_Hajiani
Keyhan Hashemnia,https://en.wikipedia.org/wiki/Keyhan_Hashemnia
Farhang Holakouee,https://en.wikipedia.org/wiki/Farhang_Holakouee
Hamidreza Jalaeipour,https://en.wikipedia.org/wiki/Hamidreza_Jalaeipour
Mohammadreza Jalaeipour,https://en.wikipedia.org/wiki/Mohammadreza_Jalaeipour
Anvar Khamei,https://en.wikipedia.org/wiki/Anvar_Khamei
Seyed Javad Miri,https://en.wikipedia.org/wiki/Seyed_Javad_Miri
Ehsan Naraghi,https://en.wikipedia.org/wiki/Ehsan_Naraghi
Parviz Piran,https://en.wikipedia.org/wiki/Parviz_Piran
Ali Rabii,https://en.wikipedia.org/wiki/Ali_Rabii
Ali Rahnema,https://en.wikipedia.org/wiki/Ali_Rahnema
Mahmoud Sadri,https://en.wikipedia.org/wiki/Mahmoud_Sadri
Parvaneh Salahshouri,https://en.wikipedia.org/wiki/Parvaneh_Salahshouri
Ali Shariati,https://en.wikipedia.org/wiki/Ali_Shariati
Nasser Takmil Homayoun,https://en.wikipedia.org/wiki/Nasser_Takmil_Homayoun
Gholam-Abbas Tavassoli,https://en.wikipedia.org/wiki/Gholam-Abbas_Tavassoli
Al-Biruni (crater),https://en.wikipedia.org/wiki/Al-Biruni_%28crater%29
India (Al-Biruni),https://en.wikipedia.org/wiki/India_%28Al-Biruni%29
The Remaining Signs of Past Centuries,https://en.wikipedia.org/wiki/The_Remaining_Signs_of_Past_Centuries
Scholars Pavilion,https://en.wikipedia.org/wiki/Scholars_Pavilion
Template:Avicenna,https://en.wikipedia.org/wiki/Template%3AAvicenna
Avicenna Bay,https://en.wikipedia.org/wiki/Avicenna_Bay
Avicenna Cultural and Scientific Foundation,https://en.wikipedia.org/wiki/Avicenna_Cultural_and_Scientific_Foundation
Avicenna Mausoleum,https://en.wikipedia.org/wiki/Avicenna_Mausoleum
Avicenna Research Institute,https://en.wikipedia.org/wiki/Avicenna_Research_Institute
Avicenna Tajik State Medical University,https://en.wikipedia.org/wiki/Avicenna_Tajik_State_Medical_University
Avicenne Hospital,https://en.wikipedia.org/wiki/Avicenne_Hospital
Avicennia,https://en.wikipedia.org/wiki/Avicennia
Avicennism,https://en.wikipedia.org/wiki/Avicennism
Aql bi al-Quwwah,https://en.wikipedia.org/wiki/Aql_bi_al-Quwwah
Commentary on Anatomy in Avicenna's Canon,https://en.wikipedia.org/wiki/Commentary_on_Anatomy_in_Avicenna%27s_Canon
Floating man,https://en.wikipedia.org/wiki/Floating_man
Ibn Sina Academy of Medieval Medicine and Sciences,https://en.wikipedia.org/wiki/Ibn_Sina_Academy_of_Medieval_Medicine_and_Sciences
Ibn Sina Hospital,https://en.wikipedia.org/wiki/Ibn_Sina_Hospital
Ibn Sina Medical College,https://en.wikipedia.org/wiki/Ibn_Sina_Medical_College
The Incoherence of the Philosophers,https://en.wikipedia.org/wiki/The_Incoherence_of_the_Philosophers
Lenin Peak,https://en.wikipedia.org/wiki/Lenin_Peak
The Paris Concilium,https://en.wikipedia.org/wiki/The_Paris_Concilium
The Physician (2013 film),https://en.wikipedia.org/wiki/The_Physician_%282013_film%29
Proof of the Truthful,https://en.wikipedia.org/wiki/Proof_of_the_Truthful
Sharh al-Isharat,https://en.wikipedia.org/wiki/Sharh_al-Isharat
Summa Grammatica (John of Dacia),https://en.wikipedia.org/wiki/Summa_Grammatica_%28John_of_Dacia%29
Mausoleum of Omar Khayyám,https://en.wikipedia.org/wiki/Mausoleum_of_Omar_Khayy%C3%A1m
Omar Khayyam (crater),https://en.wikipedia.org/wiki/Omar_Khayyam_%28crater%29
Omar Khayyam Square,https://en.wikipedia.org/wiki/Omar_Khayyam_Square
Rubaiyat of Omar Khayyam,https://en.wikipedia.org/wiki/Rubaiyat_of_Omar_Khayyam
Kerry Wendell Thornley,https://en.wikipedia.org/wiki/Kerry_Wendell_Thornley
Abu Zayd al-Balkhi,https://en.wikipedia.org/wiki/Abu_Zayd_al-Balkhi
Buzurg ibn Shahriyar,https://en.wikipedia.org/wiki/Buzurg_ibn_Shahriyar
Ibn al-Faqih,https://en.wikipedia.org/wiki/Ibn_al-Faqih
Ibn Khordadbeh,https://en.wikipedia.org/wiki/Ibn_Khordadbeh
Istakhri,https://en.wikipedia.org/wiki/Istakhri
Qudama ibn Ja'far,https://en.wikipedia.org/wiki/Qudama_ibn_Ja%27far
Ahmad ibn Rustah,https://en.wikipedia.org/wiki/Ahmad_ibn_Rustah
Al-Karaji,https://en.wikipedia.org/wiki/Al-Karaji
Abu al-Hasan al-Tabari,https://en.wikipedia.org/wiki/Abu_al-Hasan_al-Tabari
Abu al-Qasim Muqane'i,https://en.wikipedia.org/wiki/Abu_al-Qasim_Muqane%27i
Abu Bakr Rabee Ibn Ahmad Al-Akhawyni Bokhari,https://en.wikipedia.org/wiki/Abu_Bakr_Rabee_Ibn_Ahmad_Al-Akhawyni_Bokhari
Abu Mansur Muwaffaq,https://en.wikipedia.org/wiki/Abu_Mansur_Muwaffaq
Abu ul-Ala Shirazi,https://en.wikipedia.org/wiki/Abu_ul-Ala_Shirazi
'Ubayd Allah ibn Bakhtishu,https://en.wikipedia.org/wiki/%27Ubayd_Allah_ibn_Bakhtishu
Ibn Abi al-Ashʿath,https://en.wikipedia.org/wiki/Ibn_Abi_al-Ash%CA%BFath
Ibrahim ibn Baks,https://en.wikipedia.org/wiki/Ibrahim_ibn_Baks
Ibn Marzuban,https://en.wikipedia.org/wiki/Ibn_Marzuban
Abu Sahl 'Isa ibn Yahya al-Masihi,https://en.wikipedia.org/wiki/Abu_Sahl_%27Isa_ibn_Yahya_al-Masihi
Al-Natili,https://en.wikipedia.org/wiki/Al-Natili
Qumri,https://en.wikipedia.org/wiki/Qumri
Gardizi,https://en.wikipedia.org/wiki/Gardizi
Abu 'Ubayd al-Juzjani,https://en.wikipedia.org/wiki/Abu_%27Ubayd_al-Juzjani
Al-Hakim al-Munajjim,https://en.wikipedia.org/wiki/Al-Hakim_al-Munajjim
Ibn Hindu,https://en.wikipedia.org/wiki/Ibn_Hindu
Sharaf al-Zaman al-Marwazi,https://en.wikipedia.org/wiki/Sharaf_al-Zaman_al-Marwazi
Ayn al-Quzat Hamadani,https://en.wikipedia.org/wiki/Ayn_al-Quzat_Hamadani
Zayn al-Din Omar Savaji,https://en.wikipedia.org/wiki/Zayn_al-Din_Omar_Savaji
Siraj al-Din al-Sajawandi,https://en.wikipedia.org/wiki/Siraj_al-Din_al-Sajawandi
Ahmad ibn Farrokh,https://en.wikipedia.org/wiki/Ahmad_ibn_Farrokh
Zayn al-Din Gorgani,https://en.wikipedia.org/wiki/Zayn_al-Din_Gorgani
Kamāl al-Dīn al-Fārisī,https://en.wikipedia.org/wiki/Kam%C4%81l_al-D%C4%ABn_al-F%C4%81ris%C4%AB
Amin al-Din Rashid al-Din Vatvat,https://en.wikipedia.org/wiki/Amin_al-Din_Rashid_al-Din_Vatvat
Awḥad al-Dīn al-Rāzī,https://en.wikipedia.org/wiki/Aw%E1%B8%A5ad_al-D%C4%ABn_al-R%C4%81z%C4%AB
Sa'd al-Dawla al-Safi ibn Hibatullah,https://en.wikipedia.org/wiki/Sa%27d_al-Dawla_al-Safi_ibn_Hibatullah
Rashid al-Din Hamadani,https://en.wikipedia.org/wiki/Rashid_al-Din_Hamadani
Najib ad-Din Samarqandi,https://en.wikipedia.org/wiki/Najib_ad-Din_Samarqandi
Al-Nagawri,https://en.wikipedia.org/wiki/Al-Nagawri
Aqsara'i,https://en.wikipedia.org/wiki/Aqsara%27i
Zayn-e-Attar,https://en.wikipedia.org/wiki/Zayn-e-Attar
Mansur ibn Ilyas,https://en.wikipedia.org/wiki/Mansur_ibn_Ilyas
Nakhshabi,https://en.wikipedia.org/wiki/Nakhshabi
Sadid al-Din al-Kazaruni,https://en.wikipedia.org/wiki/Sadid_al-Din_al-Kazaruni
Najm al-Din Mahmud ibn Ilyas al-Shirazi,https://en.wikipedia.org/wiki/Najm_al-Din_Mahmud_ibn_Ilyas_al-Shirazi
Masʽud ibn Muhammad Sijzi,https://en.wikipedia.org/wiki/Mas%CA%BDud_ibn_Muhammad_Sijzi
Yusuf ibn Ismail al-Kutubi,https://en.wikipedia.org/wiki/Yusuf_ibn_Ismail_al-Kutubi
Abu Zayn Kahhal,https://en.wikipedia.org/wiki/Abu_Zayn_Kahhal
Husayni Isfahani,https://en.wikipedia.org/wiki/Husayni_Isfahani
Burhan-ud-din Kermani,https://en.wikipedia.org/wiki/Burhan-ud-din_Kermani
Muhammad Ali Astarabadi,https://en.wikipedia.org/wiki/Muhammad_Ali_Astarabadi
Muhammad ibn Yusuf al-Harawi,https://en.wikipedia.org/wiki/Muhammad_ibn_Yusuf_al-Harawi
Nurbakhshi,https://en.wikipedia.org/wiki/Nurbakhshi
Shaykh Muhammad ibn Thaleb,https://en.wikipedia.org/wiki/Shaykh_Muhammad_ibn_Thaleb
Hakim-e-Gilani,https://en.wikipedia.org/wiki/Hakim-e-Gilani
Rostam Gorgani,https://en.wikipedia.org/wiki/Rostam_Gorgani
Hakim Humam,https://en.wikipedia.org/wiki/Hakim_Humam
Sultan Ali Khorasani,https://en.wikipedia.org/wiki/Sultan_Ali_Khorasani
Masih Kashani,https://en.wikipedia.org/wiki/Masih_Kashani
Shah-Mohammad Qazvini,https://en.wikipedia.org/wiki/Shah-Mohammad_Qazvini
Shifa'i Isfahani,https://en.wikipedia.org/wiki/Shifa%27i_Isfahani
ʽImad Shirazi,https://en.wikipedia.org/wiki/%CA%BDImad_Shirazi
Taleb Amoli,https://en.wikipedia.org/wiki/Taleb_Amoli
Alavi Shirazi,https://en.wikipedia.org/wiki/Alavi_Shirazi
Hakim Daud,https://en.wikipedia.org/wiki/Hakim_Daud
Muhammad Abdolrahman,https://en.wikipedia.org/wiki/Muhammad_Abdolrahman
Sati-un-Nissa,https://en.wikipedia.org/wiki/Sati-un-Nissa
Qurayshi al-Shirazi,https://en.wikipedia.org/wiki/Qurayshi_al-Shirazi
Tunakabuni,https://en.wikipedia.org/wiki/Tunakabuni
Al-Khurasani al-Shirazi,https://en.wikipedia.org/wiki/Al-Khurasani_al-Shirazi
Muhammad Aqa-Kermani,https://en.wikipedia.org/wiki/Muhammad_Aqa-Kermani
Muqim Arzani,https://en.wikipedia.org/wiki/Muqim_Arzani
Mahmud ibn Ilyas Shirazi,https://en.wikipedia.org/wiki/Mahmud_ibn_Ilyas_Shirazi
Mohammad Mehdi ibn Ali Naqi,https://en.wikipedia.org/wiki/Mohammad_Mehdi_ibn_Ali_Naqi
Nazem al-Atebba,https://en.wikipedia.org/wiki/Nazem_al-Atebba
Ernest Cloquet,https://en.wikipedia.org/wiki/Ernest_Cloquet
Abubakr Esfarayeni,https://en.wikipedia.org/wiki/Abubakr_Esfarayeni
Hajji Baba Afshar,https://en.wikipedia.org/wiki/Hajji_Baba_Afshar
Hakim Yazghel Haqnazar,https://en.wikipedia.org/wiki/Hakim_Yazghel_Haqnazar
Ebrahim Hakimi,https://en.wikipedia.org/wiki/Ebrahim_Hakimi
Jalal al-Din Muhammad al-Isfahani,https://en.wikipedia.org/wiki/Jalal_al-Din_Muhammad_al-Isfahani
David Khan (diplomat),https://en.wikipedia.org/wiki/David_Khan_%28diplomat%29
Mirza Ali Khan La'li,https://en.wikipedia.org/wiki/Mirza_Ali_Khan_La%27li
Mirza Mahmud Khan Hakim ol-Molk,https://en.wikipedia.org/wiki/Mirza_Mahmud_Khan_Hakim_ol-Molk
Mohammad Hossein Adeli,https://en.wikipedia.org/wiki/Mohammad_Hossein_Adeli
Alinaghi Alikhani,https://en.wikipedia.org/wiki/Alinaghi_Alikhani
Jahangir Amouzegar,https://en.wikipedia.org/wiki/Jahangir_Amouzegar
Reza Asghari,https://en.wikipedia.org/wiki/Reza_Asghari
Mahmoud Bahmani,https://en.wikipedia.org/wiki/Mahmoud_Bahmani
Mohammad Mehdi Behkish,https://en.wikipedia.org/wiki/Mohammad_Mehdi_Behkish
Davoud Danesh-Jafari,https://en.wikipedia.org/wiki/Davoud_Danesh-Jafari
Eprime Eshag,https://en.wikipedia.org/wiki/Eprime_Eshag
Mehdi Samii,https://en.wikipedia.org/wiki/Mehdi_Samii
Hassan Ali Mehran,https://en.wikipedia.org/wiki/Hassan_Ali_Mehran
Hossein Namazi,https://en.wikipedia.org/wiki/Hossein_Namazi
Mohammad Ali Varasteh,https://en.wikipedia.org/wiki/Mohammad_Ali_Varasteh
Mohammad Yeganeh,https://en.wikipedia.org/wiki/Mohammad_Yeganeh
Abbas Abdi,https://en.wikipedia.org/wiki/Abbas_Abdi
Alireza Afzalipour,https://en.wikipedia.org/wiki/Alireza_Afzalipour
Gholam Reza Aghazadeh,https://en.wikipedia.org/wiki/Gholam_Reza_Aghazadeh
Mahmoud Ahmadzadeh,https://en.wikipedia.org/wiki/Mahmoud_Ahmadzadeh
Cyrus Alai,https://en.wikipedia.org/wiki/Cyrus_Alai
Alireza Ali-Ahmadi,https://en.wikipedia.org/wiki/Alireza_Ali-Ahmadi
Bijan Allipour,https://en.wikipedia.org/wiki/Bijan_Allipour
Abbas Amir-Entezam,https://en.wikipedia.org/wiki/Abbas_Amir-Entezam
Jamshid Amouzegar,https://en.wikipedia.org/wiki/Jamshid_Amouzegar
Abdolreza Ansari,https://en.wikipedia.org/wiki/Abdolreza_Ansari
Safi Asfia,https://en.wikipedia.org/wiki/Safi_Asfia
Ali Morteza Samsam Bakhtiari,https://en.wikipedia.org/wiki/Ali_Morteza_Samsam_Bakhtiari
Mehdi Bazargan,https://en.wikipedia.org/wiki/Mehdi_Bazargan
Habibollah Bitaraf,https://en.wikipedia.org/wiki/Habibollah_Bitaraf
Mostafa Chamran,https://en.wikipedia.org/wiki/Mostafa_Chamran
Rahman Dadman,https://en.wikipedia.org/wiki/Rahman_Dadman
Akbar Etemad,https://en.wikipedia.org/wiki/Akbar_Etemad
Nader Faghihzadeh,https://en.wikipedia.org/wiki/Nader_Faghihzadeh
Azam al-Sadat Farahi,https://en.wikipedia.org/wiki/Azam_al-Sadat_Farahi
Gholam-Ali Farivar,https://en.wikipedia.org/wiki/Gholam-Ali_Farivar
Manucher Mirza Farman Farmaian,https://en.wikipedia.org/wiki/Manucher_Mirza_Farman_Farmaian
Ruhollah Dehghani Firouzabadi,https://en.wikipedia.org/wiki/Ruhollah_Dehghani_Firouzabadi
Reza Ghotbi,https://en.wikipedia.org/wiki/Reza_Ghotbi
Kazem Hassibi,https://en.wikipedia.org/wiki/Kazem_Hassibi
Mahmoud Hojjati,https://en.wikipedia.org/wiki/Mahmoud_Hojjati
Mostafa Mir-Salim,https://en.wikipedia.org/wiki/Mostafa_Mir-Salim
Morteza Mohammadkhan,https://en.wikipedia.org/wiki/Morteza_Mohammadkhan
Ali Akbar Moinfar,https://en.wikipedia.org/wiki/Ali_Akbar_Moinfar
Ahmad Motamedi,https://en.wikipedia.org/wiki/Ahmad_Motamedi
Firouz Naderi,https://en.wikipedia.org/wiki/Firouz_Naderi
Javad Owji,https://en.wikipedia.org/wiki/Javad_Owji
Nasser Paydar,https://en.wikipedia.org/wiki/Nasser_Paydar
Hashem Sabbaghian,https://en.wikipedia.org/wiki/Hashem_Sabbaghian
Mohammad Saeedikia,https://en.wikipedia.org/wiki/Mohammad_Saeedikia
Sorena Sattari,https://en.wikipedia.org/wiki/Sorena_Sattari
Mohammad Shariatmadari,https://en.wikipedia.org/wiki/Mohammad_Shariatmadari
Jafar Sharif-Emami,https://en.wikipedia.org/wiki/Jafar_Sharif-Emami
Khalil Taleghani,https://en.wikipedia.org/wiki/Khalil_Taleghani
Mohammad Javad Tondguyan,https://en.wikipedia.org/wiki/Mohammad_Javad_Tondguyan
Akbar Torkan,https://en.wikipedia.org/wiki/Akbar_Torkan
Iraj Vahidi,https://en.wikipedia.org/wiki/Iraj_Vahidi
Ahmad Zirakzadeh,https://en.wikipedia.org/wiki/Ahmad_Zirakzadeh
Mohammad Reza Darafsheh,https://en.wikipedia.org/wiki/Mohammad_Reza_Darafsheh
Ghaffar Farzadi,https://en.wikipedia.org/wiki/Ghaffar_Farzadi
S. L. Hakimi,https://en.wikipedia.org/wiki/S._L._Hakimi
Mohsen Hashtroodi,https://en.wikipedia.org/wiki/Mohsen_Hashtroodi
Ebadollah S. Mahmoodian,https://en.wikipedia.org/wiki/Ebadollah_S._Mahmoodian
Gholamhossein Mosahab,https://en.wikipedia.org/wiki/Gholamhossein_Mosahab
Mohammad Sal Moslehian,https://en.wikipedia.org/wiki/Mohammad_Sal_Moslehian
Mohammad-Ali Najafi,https://en.wikipedia.org/wiki/Mohammad-Ali_Najafi
Abdollah Riazi,https://en.wikipedia.org/wiki/Abdollah_Riazi
Freydoon Shahidi,https://en.wikipedia.org/wiki/Freydoon_Shahidi
Mohammad Mehdi Zahedi,https://en.wikipedia.org/wiki/Mohammad_Mehdi_Zahedi
Hossein Zakeri,https://en.wikipedia.org/wiki/Hossein_Zakeri
Abdulkhalig Akhundov,https://en.wikipedia.org/wiki/Abdulkhalig_Akhundov
Seyed Nasser Emadi,https://en.wikipedia.org/wiki/Seyed_Nasser_Emadi
Mohammad Reza Mokhber Dezfouli,https://en.wikipedia.org/wiki/Mohammad_Reza_Mokhber_Dezfouli
Alireza Noori,https://en.wikipedia.org/wiki/Alireza_Noori
Farrokhroo Parsa,https://en.wikipedia.org/wiki/Farrokhroo_Parsa
Abdoulreza Soudbakhsh,https://en.wikipedia.org/wiki/Abdoulreza_Soudbakhsh
Badri Teymourtash,https://en.wikipedia.org/wiki/Badri_Teymourtash
Ehsan Khandozi,https://en.wikipedia.org/wiki/Ehsan_Khandozi
Saeed Laylaz,https://en.wikipedia.org/wiki/Saeed_Laylaz
Hossein Mahdavy,https://en.wikipedia.org/wiki/Hossein_Mahdavy
Ahmad Meydari,https://en.wikipedia.org/wiki/Ahmad_Meydari
Seyed Hossein Mir-Moezi,https://en.wikipedia.org/wiki/Seyed_Hossein_Mir-Moezi
Kazem Najafi Elmi,https://en.wikipedia.org/wiki/Kazem_Najafi_Elmi
Masoud Roghani Zanjani,https://en.wikipedia.org/wiki/Masoud_Roghani_Zanjani
Djavad Salehi-Isfahani,https://en.wikipedia.org/wiki/Djavad_Salehi-Isfahani
Hossein Samsami,https://en.wikipedia.org/wiki/Hossein_Samsami
Reza Abbaschian,https://en.wikipedia.org/wiki/Reza_Abbaschian
Mohammad Alavi (nuclear engineer),https://en.wikipedia.org/wiki/Mohammad_Alavi_%28nuclear_engineer%29
Hootan Dolati,https://en.wikipedia.org/wiki/Hootan_Dolati
Saeed Malekpour,https://en.wikipedia.org/wiki/Saeed_Malekpour
Fathollah Moztarzadeh,https://en.wikipedia.org/wiki/Fathollah_Moztarzadeh
Hassan Niknafs,https://en.wikipedia.org/wiki/Hassan_Niknafs
Manijeh Razeghi,https://en.wikipedia.org/wiki/Manijeh_Razeghi
Mostafa Ahmadi Roshan,https://en.wikipedia.org/wiki/Mostafa_Ahmadi_Roshan
Mehdi Sarram,https://en.wikipedia.org/wiki/Mehdi_Sarram
Jamshid Sharmahd,https://en.wikipedia.org/wiki/Jamshid_Sharmahd
Maryam Tabrizian,https://en.wikipedia.org/wiki/Maryam_Tabrizian
Alireza Yaghoubi,https://en.wikipedia.org/wiki/Alireza_Yaghoubi
Saeid Abbasbandy,https://en.wikipedia.org/wiki/Saeid_Abbasbandy
Amir Ali Ahmadi,https://en.wikipedia.org/wiki/Amir_Ali_Ahmadi
Mehdi Ashraphijuo,https://en.wikipedia.org/wiki/Mehdi_Ashraphijuo
Caucher Birkar,https://en.wikipedia.org/wiki/Caucher_Birkar
Rama Cont,https://en.wikipedia.org/wiki/Rama_Cont
Bijan Davvaz,https://en.wikipedia.org/wiki/Bijan_Davvaz
Nezam Mahdavi-Amiri,https://en.wikipedia.org/wiki/Nezam_Mahdavi-Amiri
Hamid Naderi Yeganeh,https://en.wikipedia.org/wiki/Hamid_Naderi_Yeganeh
Yadollah Ordokhani,https://en.wikipedia.org/wiki/Yadollah_Ordokhani
Ramin Takloo-Bighash,https://en.wikipedia.org/wiki/Ramin_Takloo-Bighash
Siamak Yassemi,https://en.wikipedia.org/wiki/Siamak_Yassemi
Ahmad Reza Djalali,https://en.wikipedia.org/wiki/Ahmad_Reza_Djalali
Maryam Lustberg,https://en.wikipedia.org/wiki/Maryam_Lustberg
Hassan Tarighat Monfared,https://en.wikipedia.org/wiki/Hassan_Tarighat_Monfared
Masoumeh Pashaei Bahram,https://en.wikipedia.org/wiki/Masoumeh_Pashaei_Bahram
Akram Pedramnia,https://en.wikipedia.org/wiki/Akram_Pedramnia
Yazdan Yazdanpanah,https://en.wikipedia.org/wiki/Yazdan_Yazdanpanah
Muḥammad ibn Ibrāhīm al-Fazārī,https://en.wikipedia.org/wiki/Mu%E1%B8%A5ammad_ibn_Ibr%C4%81h%C4%ABm_al-Faz%C4%81r%C4%AB
Al-Abbās ibn Said al-Jawharī,https://en.wikipedia.org/wiki/Al-Abb%C4%81s_ibn_Said_al-Jawhar%C4%AB
Mohammad Reza Ameli Tehrani,https://en.wikipedia.org/wiki/Mohammad_Reza_Ameli_Tehrani
Abul qasim Bakhtiar,https://en.wikipedia.org/wiki/Abul_qasim_Bakhtiar
Nasrollah Moghtader Mojdehi,https://en.wikipedia.org/wiki/Nasrollah_Moghtader_Mojdehi
Abu Hafsa Yazid,https://en.wikipedia.org/wiki/Abu_Hafsa_Yazid
Masarjawaih,https://en.wikipedia.org/wiki/Masarjawaih
Jabril ibn Bukhtishu,https://en.wikipedia.org/wiki/Jabril_ibn_Bukhtishu
Albubather,https://en.wikipedia.org/wiki/Albubather
Baha Al-Dowleh Razi,https://en.wikipedia.org/wiki/Baha_Al-Dowleh_Razi
Yuhanna ibn Bukhtishu,https://en.wikipedia.org/wiki/Yuhanna_ibn_Bukhtishu
Masawaiyh,https://en.wikipedia.org/wiki/Masawaiyh
Shapur ibn Sahl,https://en.wikipedia.org/wiki/Shapur_ibn_Sahl
Borzuya,https://en.wikipedia.org/wiki/Borzuya
Gabriel of Sinjar,https://en.wikipedia.org/wiki/Gabriel_of_Sinjar
Aida Rostami,https://en.wikipedia.org/wiki/Aida_Rostami
Roya Arab,https://en.wikipedia.org/wiki/Roya_Arab
Malekeh Malekzadeh Bayani,https://en.wikipedia.org/wiki/Malekeh_Malekzadeh_Bayani
Ahmad-Reza Dehpour,https://en.wikipedia.org/wiki/Ahmad-Reza_Dehpour
Abbas Shafiee,https://en.wikipedia.org/wiki/Abbas_Shafiee
Mohammad-Reza Zarrindast,https://en.wikipedia.org/wiki/Mohammad-Reza_Zarrindast
Iradj Gandjbaksh,https://en.wikipedia.org/wiki/Iradj_Gandjbaksh
Dehkhoda Dictionary,https://en.wikipedia.org/wiki/Dehkhoda_Dictionary
Dehkhoda Dictionary Institute,https://en.wikipedia.org/wiki/Dehkhoda_Dictionary_Institute
Al-Farra',https://en.wikipedia.org/wiki/Al-Farra%27
Jila Ghomeshi,https://en.wikipedia.org/wiki/Jila_Ghomeshi
Ibn Durustawayh,https://en.wikipedia.org/wiki/Ibn_Durustawayh
Nur al-Din Nimatullah al-Jazayiri,https://en.wikipedia.org/wiki/Nur_al-Din_Nimatullah_al-Jazayiri
Abd al-Qahir al-Jurjani,https://en.wikipedia.org/wiki/Abd_al-Qahir_al-Jurjani
Al-Kisa'i,https://en.wikipedia.org/wiki/Al-Kisa%27i
Abu Ali al-Marzuqi,https://en.wikipedia.org/wiki/Abu_Ali_al-Marzuqi
Mirza Habib Esfahani,https://en.wikipedia.org/wiki/Mirza_Habib_Esfahani
Yunus ibn Habib,https://en.wikipedia.org/wiki/Yunus_ibn_Habib
Mana Aghaee,https://en.wikipedia.org/wiki/Mana_Aghaee
Morteza Ahmadi,https://en.wikipedia.org/wiki/Morteza_Ahmadi
Hasan Amid,https://en.wikipedia.org/wiki/Hasan_Amid
Hasan Anvari,https://en.wikipedia.org/wiki/Hasan_Anvari
Ahmad Aram,https://en.wikipedia.org/wiki/Ahmad_Aram
Manouchehr Arianpour,https://en.wikipedia.org/wiki/Manouchehr_Arianpour
Karim Emami,https://en.wikipedia.org/wiki/Karim_Emami
Sulayman Hayyim,https://en.wikipedia.org/wiki/Sulayman_Hayyim
Bahauddin Khorramshahi,https://en.wikipedia.org/wiki/Bahauddin_Khorramshahi
Ohadi Balyani,https://en.wikipedia.org/wiki/Ohadi_Balyani
Mahmoud Salavati,https://en.wikipedia.org/wiki/Mahmoud_Salavati
Heydar Abbasi,https://en.wikipedia.org/wiki/Heydar_Abbasi
Mir Shamsuddin Adib-Soltani,https://en.wikipedia.org/wiki/Mir_Shamsuddin_Adib-Soltani
Mehri Ahi,https://en.wikipedia.org/wiki/Mehri_Ahi
Taraneh Alidoosti,https://en.wikipedia.org/wiki/Taraneh_Alidoosti
Hannibal Alkhas,https://en.wikipedia.org/wiki/Hannibal_Alkhas
Mahmoud Anbarani,https://en.wikipedia.org/wiki/Mahmoud_Anbarani
Manuchehr Anvar,https://en.wikipedia.org/wiki/Manuchehr_Anvar
Abd al-Rahim Aqiqi Bakhshayishi,https://en.wikipedia.org/wiki/Abd_al-Rahim_Aqiqi_Bakhshayishi
Dariush Ashoori,https://en.wikipedia.org/wiki/Dariush_Ashoori
Arabik Baghdasarian,https://en.wikipedia.org/wiki/Arabik_Baghdasarian
Behzad Barkat,https://en.wikipedia.org/wiki/Behzad_Barkat
Iraj Bashiri,https://en.wikipedia.org/wiki/Iraj_Bashiri
Pouran Bazargan,https://en.wikipedia.org/wiki/Pouran_Bazargan
Farjam Behnam,https://en.wikipedia.org/wiki/Farjam_Behnam
Bahram Beyzai,https://en.wikipedia.org/wiki/Bahram_Beyzai
Bahman Daroshafaei,https://en.wikipedia.org/wiki/Bahman_Daroshafaei
Najaf Daryabandari,https://en.wikipedia.org/wiki/Najaf_Daryabandari
Mahmoud Reza Eftekharzadeh,https://en.wikipedia.org/wiki/Mahmoud_Reza_Eftekharzadeh
Mohsen Emadi,https://en.wikipedia.org/wiki/Mohsen_Emadi
Reza Espili,https://en.wikipedia.org/wiki/Reza_Espili
Yussef E'tesami,https://en.wikipedia.org/wiki/Yussef_E%27tesami
Mahdi Falahati,https://en.wikipedia.org/wiki/Mahdi_Falahati
Athena Farrokhzad,https://en.wikipedia.org/wiki/Athena_Farrokhzad
Shabnam Farshadjoo,https://en.wikipedia.org/wiki/Shabnam_Farshadjoo
Maxime Feri Farzaneh,https://en.wikipedia.org/wiki/Maxime_Feri_Farzaneh
Ezzatullah Foladvand,https://en.wikipedia.org/wiki/Ezzatullah_Foladvand
Azita Ghahreman,https://en.wikipedia.org/wiki/Azita_Ghahreman
Hengameh Ghaziani,https://en.wikipedia.org/wiki/Hengameh_Ghaziani
Gholam Hossein Sarmadnia,https://en.wikipedia.org/wiki/Gholam_Hossein_Sarmadnia
Gholamhossein Yousefi,https://en.wikipedia.org/wiki/Gholamhossein_Yousefi
Fakhri Golestan,https://en.wikipedia.org/wiki/Fakhri_Golestan
Lili Golestan,https://en.wikipedia.org/wiki/Lili_Golestan
Hamid Golpira,https://en.wikipedia.org/wiki/Hamid_Golpira
Yaghma Golrouyi,https://en.wikipedia.org/wiki/Yaghma_Golrouyi
Torab Haghshenas,https://en.wikipedia.org/wiki/Torab_Haghshenas
Edward Haghverdian,https://en.wikipedia.org/wiki/Edward_Haghverdian
Sadegh Hedayat,https://en.wikipedia.org/wiki/Sadegh_Hedayat
Arash Hejazi,https://en.wikipedia.org/wiki/Arash_Hejazi
Razi Hirmandi,https://en.wikipedia.org/wiki/Razi_Hirmandi
Mahmoud Hosseini Zad,https://en.wikipedia.org/wiki/Mahmoud_Hosseini_Zad
Saleh Hosseini,https://en.wikipedia.org/wiki/Saleh_Hosseini
Shahram Jalilian,https://en.wikipedia.org/wiki/Shahram_Jalilian
Sepideh Jodeyri,https://en.wikipedia.org/wiki/Sepideh_Jodeyri
Ahmad Kamyabi Mask,https://en.wikipedia.org/wiki/Ahmad_Kamyabi_Mask
Mohammad Karamudini,https://en.wikipedia.org/wiki/Mohammad_Karamudini
Niki Karimi,https://en.wikipedia.org/wiki/Niki_Karimi
Media Kashigar,https://en.wikipedia.org/wiki/Media_Kashigar
Shokufeh Kavani,https://en.wikipedia.org/wiki/Shokufeh_Kavani
Mehdi Khalaji,https://en.wikipedia.org/wiki/Mehdi_Khalaji
Jamil Lotfollahnasabi,https://en.wikipedia.org/wiki/Jamil_Lotfollahnasabi
Ma'na of Pars,https://en.wikipedia.org/wiki/Ma%27na_of_Pars
Mostafa Malekian,https://en.wikipedia.org/wiki/Mostafa_Malekian
Ahmad Reza Mamduhi,https://en.wikipedia.org/wiki/Ahmad_Reza_Mamduhi
Mostafa Mastoor,https://en.wikipedia.org/wiki/Mostafa_Mastoor
Mehrdad Bazyari,https://en.wikipedia.org/wiki/Mehrdad_Bazyari
Mahshid Mirmoezzi,https://en.wikipedia.org/wiki/Mahshid_Mirmoezzi
Mohammad Parvin Gonabadi,https://en.wikipedia.org/wiki/Mohammad_Parvin_Gonabadi
Erfan Mojib,https://en.wikipedia.org/wiki/Erfan_Mojib
Fathollah Mojtabaei,https://en.wikipedia.org/wiki/Fathollah_Mojtabaei
Minoo Moshiri,https://en.wikipedia.org/wiki/Minoo_Moshiri
Ata Nahai,https://en.wikipedia.org/wiki/Ata_Nahai
Parsa Pirouzfar,https://en.wikipedia.org/wiki/Parsa_Pirouzfar
Insha-Allah Rahmati,https://en.wikipedia.org/wiki/Insha-Allah_Rahmati
Mohammad Rasekh,https://en.wikipedia.org/wiki/Mohammad_Rasekh
Homa Rousta,https://en.wikipedia.org/wiki/Homa_Rousta
Ahmad Samii Gilani,https://en.wikipedia.org/wiki/Ahmad_Samii_Gilani
Gegham Saryan,https://en.wikipedia.org/wiki/Gegham_Saryan
Mohammad-Reza Shafiei Kadkani,https://en.wikipedia.org/wiki/Mohammad-Reza_Shafiei_Kadkani
Hossein Shanbehzadeh,https://en.wikipedia.org/wiki/Hossein_Shanbehzadeh
Reza Shirmarz,https://en.wikipedia.org/wiki/Reza_Shirmarz
Niloufar Talebi,https://en.wikipedia.org/wiki/Niloufar_Talebi
Varand,https://en.wikipedia.org/wiki/Varand
Sholeh Wolpé,https://en.wikipedia.org/wiki/Sholeh_Wolp%C3%A9
Mohammad Jafar Yahaghi,https://en.wikipedia.org/wiki/Mohammad_Jafar_Yahaghi
Chista Yasrebi,https://en.wikipedia.org/wiki/Chista_Yasrebi
Rasoul Yunan,https://en.wikipedia.org/wiki/Rasoul_Yunan
Nazanin Zaghari-Ratcliffe,https://en.wikipedia.org/wiki/Nazanin_Zaghari-Ratcliffe
Mohammad Ali Afrashiteh,https://en.wikipedia.org/wiki/Mohammad_Ali_Afrashiteh
Morteza Keyvan,https://en.wikipedia.org/wiki/Morteza_Keyvan
Mohammad Reza Pahlavi,https://en.wikipedia.org/wiki/Mohammad_Reza_Pahlavi
Rasoul Parvizi,https://en.wikipedia.org/wiki/Rasoul_Parvizi
Hossein Towfigh,https://en.wikipedia.org/wiki/Hossein_Towfigh
Bahmanyar,https://en.wikipedia.org/wiki/Bahmanyar
Al-Isharat wa al-Tanbihat,https://en.wikipedia.org/wiki/Al-Isharat_wa_al-Tanbihat
Al-Nijat,https://en.wikipedia.org/wiki/Al-Nijat
The Book of Healing,https://en.wikipedia.org/wiki/The_Book_of_Healing
The Canon of Medicine,https://en.wikipedia.org/wiki/The_Canon_of_Medicine
Danishnama,https://en.wikipedia.org/wiki/Danishnama
On the Science of the Pulse,https://en.wikipedia.org/wiki/On_the_Science_of_the_Pulse
3 Body Problem (TV series),https://en.wikipedia.org/wiki/3_Body_Problem_%28TV_series%29
The Keeper: The Legend of Omar Khayyam,https://en.wikipedia.org/wiki/The_Keeper%3A_The_Legend_of_Omar_Khayyam
Khayyam (play),https://en.wikipedia.org/wiki/Khayyam_%28play%29
A Lover's Oath,https://en.wikipedia.org/wiki/A_Lover%27s_Oath
Omar Khaiyyam,https://en.wikipedia.org/wiki/Omar_Khaiyyam
Omar Khayyam (1923 film),https://en.wikipedia.org/wiki/Omar_Khayyam_%281923_film%29
Omar Khayyam (1957 film),https://en.wikipedia.org/wiki/Omar_Khayyam_%281957_film%29
Samarkand (novel),https://en.wikipedia.org/wiki/Samarkand_%28novel%29
Konstantin Balmont,https://en.wikipedia.org/wiki/Konstantin_Balmont
Safvet-beg Bašagić,https://en.wikipedia.org/wiki/Safvet-beg_Ba%C5%A1agi%C4%87
Friedrich von Bodenstedt,https://en.wikipedia.org/wiki/Friedrich_von_Bodenstedt
Shakti Chattopadhyay,https://en.wikipedia.org/wiki/Shakti_Chattopadhyay
Edward FitzGerald (poet),https://en.wikipedia.org/wiki/Edward_FitzGerald_%28poet%29
Andrzej Gawroński,https://en.wikipedia.org/wiki/Andrzej_Gawro%C5%84ski
Robert Graves,https://en.wikipedia.org/wiki/Robert_Graves
D. V. Gundappa,https://en.wikipedia.org/wiki/D._V._Gundappa
Maithilisharan Gupt,https://en.wikipedia.org/wiki/Maithilisharan_Gupt
Madhav Julian,https://en.wikipedia.org/wiki/Madhav_Julian
Thirunalloor Karunakaran,https://en.wikipedia.org/wiki/Thirunalloor_Karunakaran
G. Sankara Kurup,https://en.wikipedia.org/wiki/G._Sankara_Kurup
Richard Le Gallienne,https://en.wikipedia.org/wiki/Richard_Le_Gallienne
Justin Huntly McCarthy,https://en.wikipedia.org/wiki/Justin_Huntly_McCarthy
Kazi Nazrul Islam,https://en.wikipedia.org/wiki/Kazi_Nazrul_Islam
Pierre Pascal,https://en.wikipedia.org/wiki/Pierre_Pascal
Ahmed Rami (poet),https://en.wikipedia.org/wiki/Ahmed_Rami_%28poet%29
Duvvuru Ramireddy,https://en.wikipedia.org/wiki/Duvvuru_Ramireddy
T. Ifor Rees,https://en.wikipedia.org/wiki/T._Ifor_Rees
Frederick Rolfe,https://en.wikipedia.org/wiki/Frederick_Rolfe
Hemendra Kumar Roy,https://en.wikipedia.org/wiki/Hemendra_Kumar_Roy
Muhammad Shahidullah,https://en.wikipedia.org/wiki/Muhammad_Shahidullah
Edward Henry Whinfield,https://en.wikipedia.org/wiki/Edward_Henry_Whinfield
Bijan Abdolkarimi,https://en.wikipedia.org/wiki/Bijan_Abdolkarimi
Bozorg Alavi,https://en.wikipedia.org/wiki/Bozorg_Alavi
B. Alijani,https://en.wikipedia.org/wiki/B._Alijani
Ghamar Ariyan,https://en.wikipedia.org/wiki/Ghamar_Ariyan
Manouchehr Atashi,https://en.wikipedia.org/wiki/Manouchehr_Atashi
Abdolmohammad Ayati,https://en.wikipedia.org/wiki/Abdolmohammad_Ayati
Mahmoud Mosharraf Azad Tehrani,https://en.wikipedia.org/wiki/Mahmoud_Mosharraf_Azad_Tehrani
Samin Baghtcheban,https://en.wikipedia.org/wiki/Samin_Baghtcheban
Samad Behrangi,https://en.wikipedia.org/wiki/Samad_Behrangi
Simin Daneshvar,https://en.wikipedia.org/wiki/Simin_Daneshvar
Bijan Elahi,https://en.wikipedia.org/wiki/Bijan_Elahi
Abbas Eqbal Ashtiani,https://en.wikipedia.org/wiki/Abbas_Eqbal_Ashtiani
Mahmoud Etemadzadeh,https://en.wikipedia.org/wiki/Mahmoud_Etemadzadeh
Pooran Farrokhzad,https://en.wikipedia.org/wiki/Pooran_Farrokhzad
Mehran Ghassemi,https://en.wikipedia.org/wiki/Mehran_Ghassemi
Mohammad Ghazi (translator),https://en.wikipedia.org/wiki/Mohammad_Ghazi_%28translator%29
Ghassem Hasheminezhad,https://en.wikipedia.org/wiki/Ghassem_Hasheminezhad
Hushang Irani,https://en.wikipedia.org/wiki/Hushang_Irani
Mohammad-Taqi Ja'fari,https://en.wikipedia.org/wiki/Mohammad-Taqi_Ja%27fari
Mohammad-Ali Jamalzadeh,https://en.wikipedia.org/wiki/Mohammad-Ali_Jamalzadeh
Ali Khamenei,https://en.wikipedia.org/wiki/Ali_Khamenei
Mohammad Jafar Mahjoub,https://en.wikipedia.org/wiki/Mohammad_Jafar_Mahjoub
Naser Makarem Shirazi,https://en.wikipedia.org/wiki/Naser_Makarem_Shirazi
Ali Meshkini,https://en.wikipedia.org/wiki/Ali_Meshkini
Shahrokh Meskoob,https://en.wikipedia.org/wiki/Shahrokh_Meskoob
Syed Rahim Moshiri,https://en.wikipedia.org/wiki/Syed_Rahim_Moshiri
Abdolhossein Noushin,https://en.wikipedia.org/wiki/Abdolhossein_Noushin
Mohammad-Ja'far Pouyandeh,https://en.wikipedia.org/wiki/Mohammad-Ja%27far_Pouyandeh
Mahdi Elahi Ghomshei,https://en.wikipedia.org/wiki/Mahdi_Elahi_Ghomshei
Gholamreza Rashid-Yasemi,https://en.wikipedia.org/wiki/Gholamreza_Rashid-Yasemi
Fuad Rouhani,https://en.wikipedia.org/wiki/Fuad_Rouhani
Mohammad Sadeqi Tehrani,https://en.wikipedia.org/wiki/Mohammad_Sadeqi_Tehrani
Tahereh Saffarzadeh,https://en.wikipedia.org/wiki/Tahereh_Saffarzadeh
Mehdi Sahabi,https://en.wikipedia.org/wiki/Mehdi_Sahabi
Mehdi Semsar,https://en.wikipedia.org/wiki/Mehdi_Semsar
Ahmad Ali Sepehr,https://en.wikipedia.org/wiki/Ahmad_Ali_Sepehr
Reza Seyed-Hosseini,https://en.wikipedia.org/wiki/Reza_Seyed-Hosseini
Khosrow Shakeri Zand,https://en.wikipedia.org/wiki/Khosrow_Shakeri_Zand
Ahmad Shamlou,https://en.wikipedia.org/wiki/Ahmad_Shamlou
Majid Sharif,https://en.wikipedia.org/wiki/Majid_Sharif
Mirza Abutaleb Zanjani,https://en.wikipedia.org/wiki/Mirza_Abutaleb_Zanjani
Attar of Nishapur,https://en.wikipedia.org/wiki/Attar_of_Nishapur
Hamid Reza Ardalan,https://en.wikipedia.org/wiki/Hamid_Reza_Ardalan
Mohammad Reza Azadehfar,https://en.wikipedia.org/wiki/Mohammad_Reza_Azadehfar
Hormoz Farhat,https://en.wikipedia.org/wiki/Hormoz_Farhat
Fouzieh Majd,https://en.wikipedia.org/wiki/Fouzieh_Majd
Mohammad Taghi Massoudieh,https://en.wikipedia.org/wiki/Mohammad_Taghi_Massoudieh
Manoochehr Sadeghi,https://en.wikipedia.org/wiki/Manoochehr_Sadeghi
Dariush Safvat,https://en.wikipedia.org/wiki/Dariush_Safvat
Masih Alinejad,https://en.wikipedia.org/wiki/Masih_Alinejad
Parvin Ardalan,https://en.wikipedia.org/wiki/Parvin_Ardalan
Bibi Khanoom Astarabadi,https://en.wikipedia.org/wiki/Bibi_Khanoom_Astarabadi
Golbarg Bashi,https://en.wikipedia.org/wiki/Golbarg_Bashi
Hoda Hadadi,https://en.wikipedia.org/wiki/Hoda_Hadadi
Noor-ol-Hoda Mangeneh,https://en.wikipedia.org/wiki/Noor-ol-Hoda_Mangeneh
Minoo Moallem,https://en.wikipedia.org/wiki/Minoo_Moallem
Masoud Ahmadzadeh,https://en.wikipedia.org/wiki/Masoud_Ahmadzadeh
Ramin Jahanbegloo,https://en.wikipedia.org/wiki/Ramin_Jahanbegloo
Ruhollah Khomeini,https://en.wikipedia.org/wiki/Ruhollah_Khomeini
Mazdak,https://en.wikipedia.org/wiki/Mazdak
Omid Payrow Shabani,https://en.wikipedia.org/wiki/Omid_Payrow_Shabani
Abdolkarim Soroush,https://en.wikipedia.org/wiki/Abdolkarim_Soroush
Javad Tabatabai,https://en.wikipedia.org/wiki/Javad_Tabatabai
Saeid Zibakalam,https://en.wikipedia.org/wiki/Saeid_Zibakalam
