Name,Wikipedia_Link,wikidata_qid,wikidata_url
Healthcare in Iran,https://en.wikipedia.org/wiki/Healthcare_in_Iran,Q5690860,https://www.wikidata.org/wiki/Q5690860
Abortion in Iran,https://en.wikipedia.org/wiki/Abortion_in_Iran,Q2874488,https://www.wikidata.org/wiki/Q2874488
Iranian National Formulary,https://en.wikipedia.org/wiki/Iranian_National_Formulary,Q17050544,https://www.wikidata.org/wiki/Q17050544
Kidney trade in Iran,https://en.wikipedia.org/wiki/Kidney_trade_in_Iran,Q6404833,https://www.wikidata.org/wiki/Q6404833
Medicine shortage in Iran,https://en.wikipedia.org/wiki/Medicine_shortage_in_Iran,Q132573137,https://www.wikidata.org/wiki/Q132573137
PolyIran,https://en.wikipedia.org/wiki/PolyIran,Q16254792,https://www.wikidata.org/wiki/Q16254792
Habibollah Hedayat,https://en.wikipedia.org/wiki/Habibollah_Hedayat,Q5636828,https://www.wikidata.org/wiki/Q5636828
Afsaneh Najmabadi,https://en.wikipedia.org/wiki/Afsaneh_Najmabadi,Q4690366,https://www.wikidata.org/wiki/Q4690366
Healing Simurgh,https://en.wikipedia.org/wiki/Healing_Simurgh,Q20708004,https://www.wikidata.org/wiki/Q20708004
Medical Council of Iran,https://en.wikipedia.org/wiki/Medical_Council_of_Iran,Q5944740,https://www.wikidata.org/wiki/Q5944740
Jakob Eduard Polak,https://en.wikipedia.org/wiki/Jakob_Eduard_Polak,Q113768,https://www.wikidata.org/wiki/Q113768
Nursing in Iran,https://en.wikipedia.org/wiki/Nursing_in_Iran,Q25425768,https://www.wikidata.org/wiki/Q25425768
Behkadeh Raji,https://en.wikipedia.org/wiki/Behkadeh_Raji,Q814508,https://www.wikidata.org/wiki/Q814508
Charity Foundation for Special Diseases,https://en.wikipedia.org/wiki/Charity_Foundation_for_Special_Diseases,Q17991499,https://www.wikidata.org/wiki/Q17991499
Iranian Blood Transfusion Organization,https://en.wikipedia.org/wiki/Iranian_Blood_Transfusion_Organization,Q5961695,https://www.wikidata.org/wiki/Q5961695
Iranian Legal Medicine Organization,https://en.wikipedia.org/wiki/Iranian_Legal_Medicine_Organization,Q5773860,https://www.wikidata.org/wiki/Q5773860
Iranian Mental Health Research Network,https://en.wikipedia.org/wiki/Iranian_Mental_Health_Research_Network,Q6067299,https://www.wikidata.org/wiki/Q6067299
Iranian Red Crescent Society,https://en.wikipedia.org/wiki/Iranian_Red_Crescent_Society,Q7303956,https://www.wikidata.org/wiki/Q7303956
Mahak,https://en.wikipedia.org/wiki/Mahak,Q6732853,https://www.wikidata.org/wiki/Q6732853
Ministry of Health and Medical Education,https://en.wikipedia.org/wiki/Ministry_of_Health_and_Medical_Education,Q1091528,https://www.wikidata.org/wiki/Q1091528
Iranian National Museum of Medical Sciences History,https://en.wikipedia.org/wiki/Iranian_National_Museum_of_Medical_Sciences_History,Q3014430,https://www.wikidata.org/wiki/Q3014430
Psychology and Counseling Organization of Iran,https://en.wikipedia.org/wiki/Psychology_and_Counseling_Organization_of_Iran,Q5867049,https://www.wikidata.org/wiki/Q5867049
Razi Vaccine and Serum Research Institute,https://en.wikipedia.org/wiki/Razi_Vaccine_and_Serum_Research_Institute,Q5702717,https://www.wikidata.org/wiki/Q5702717
Red Lion and Sun Society,https://en.wikipedia.org/wiki/Red_Lion_and_Sun_Society,Q1550603,https://www.wikidata.org/wiki/Q1550603
Research Centre for Emerging and Reemerging Infectious Diseases,https://en.wikipedia.org/wiki/Research_Centre_for_Emerging_and_Reemerging_Infectious_Diseases,Q25112051,https://www.wikidata.org/wiki/Q25112051
Sport Sciences Research Institute of Iran,https://en.wikipedia.org/wiki/Sport_Sciences_Research_Institute_of_Iran,Q7579383,https://www.wikidata.org/wiki/Q7579383
Tehran Psychiatric Institute,https://en.wikipedia.org/wiki/Tehran_Psychiatric_Institute,Q7694892,https://www.wikidata.org/wiki/Q7694892
Yassi Ashki,https://en.wikipedia.org/wiki/Yassi_Ashki,Q54487040,https://www.wikidata.org/wiki/Q54487040
Mehdi Bashiri,https://en.wikipedia.org/wiki/Mehdi_Bashiri,Q107103331,https://www.wikidata.org/wiki/Q107103331
Saeed Bashirtash,https://en.wikipedia.org/wiki/Saeed_Bashirtash,Q61740476,https://www.wikidata.org/wiki/Q61740476
Behnam Shakibaie,https://en.wikipedia.org/wiki/Behnam_Shakibaie,Q113012105,https://www.wikidata.org/wiki/Q113012105
Mohammad Jafar Eghbal,https://en.wikipedia.org/wiki/Mohammad_Jafar_Eghbal,Q97526748,https://www.wikidata.org/wiki/Q97526748
Darya Safai,https://en.wikipedia.org/wiki/Darya_Safai,Q22342547,https://www.wikidata.org/wiki/Q22342547
Hossein Tabib,https://en.wikipedia.org/wiki/Hossein_Tabib,Q79348678,https://www.wikidata.org/wiki/Q79348678
Badri Teymourtash,https://en.wikipedia.org/wiki/Badri_Teymourtash,Q4841130,https://www.wikidata.org/wiki/Q4841130
Mahmoud Torabinejad,https://en.wikipedia.org/wiki/Mahmoud_Torabinejad,Q18720290,https://www.wikidata.org/wiki/Q18720290
Abdullah Khan Ahmadieh,https://en.wikipedia.org/wiki/Abdullah_Khan_Ahmadieh,Q5956426,https://www.wikidata.org/wiki/Q5956426
Moslem Bahadori,https://en.wikipedia.org/wiki/Moslem_Bahadori,Q6916357,https://www.wikidata.org/wiki/Q6916357
Bahram Eynollahi,https://en.wikipedia.org/wiki/Bahram_Eynollahi,Q108394820,https://www.wikidata.org/wiki/Q108394820
Khosrow Jamshidi,https://en.wikipedia.org/wiki/Khosrow_Jamshidi,Q6402558,https://www.wikidata.org/wiki/Q6402558
Hamidreza Khankeh,https://en.wikipedia.org/wiki/Hamidreza_Khankeh,Q80109569,https://www.wikidata.org/wiki/Q80109569
Samira Kiani,https://en.wikipedia.org/wiki/Samira_Kiani,Q61781791,https://www.wikidata.org/wiki/Q61781791
Hossein Khan Motamed,https://en.wikipedia.org/wiki/Hossein_Khan_Motamed,Q5909077,https://www.wikidata.org/wiki/Q5909077
Hossein Najmabadi,https://en.wikipedia.org/wiki/Hossein_Najmabadi,Q5909099,https://www.wikidata.org/wiki/Q5909099
Karim Nayernia,https://en.wikipedia.org/wiki/Karim_Nayernia,Q6370634,https://www.wikidata.org/wiki/Q6370634
Andranik Ovassapian,https://en.wikipedia.org/wiki/Andranik_Ovassapian,Q30566335,https://www.wikidata.org/wiki/Q30566335
Reza Razavi,https://en.wikipedia.org/wiki/Reza_Razavi,Q56422571,https://www.wikidata.org/wiki/Q56422571
Karim Vessal,https://en.wikipedia.org/wiki/Karim_Vessal,Q17071243,https://www.wikidata.org/wiki/Q17071243
Qudsiyyih Khanum Ashraf,https://en.wikipedia.org/wiki/Qudsiyyih_Khanum_Ashraf,Q100701027,https://www.wikidata.org/wiki/Q100701027
Nahid Khodakarami,https://en.wikipedia.org/wiki/Nahid_Khodakarami,Q31069423,https://www.wikidata.org/wiki/Q31069423
Masoumeh Abad,https://en.wikipedia.org/wiki/Masoumeh_Abad,Q16047644,https://www.wikidata.org/wiki/Q16047644
Ahmad Ahmadi,https://en.wikipedia.org/wiki/Ahmad_Ahmadi,Q2827433,https://www.wikidata.org/wiki/Q2827433
Shahla and Nasreen Kaabi,https://en.wikipedia.org/wiki/Shahla_and_Nasreen_Kaabi,Q18422065,https://www.wikidata.org/wiki/Q18422065
Maryam Kavyani,https://en.wikipedia.org/wiki/Maryam_Kavyani,Q5913202,https://www.wikidata.org/wiki/Q5913202
Ramin Kohankhaki,https://en.wikipedia.org/wiki/Ramin_Kohankhaki,Q109918090,https://www.wikidata.org/wiki/Q109918090
Maryam Mojtahedzadeh,https://en.wikipedia.org/wiki/Maryam_Mojtahedzadeh,Q16046469,https://www.wikidata.org/wiki/Q16046469
Attar of Nishapur,https://en.wikipedia.org/wiki/Attar_of_Nishapur,Q194091,https://www.wikidata.org/wiki/Q194091
Fakhreddin Jamali,https://en.wikipedia.org/wiki/Fakhreddin_Jamali,Q56065570,https://www.wikidata.org/wiki/Q56065570
Saeed Namaki,https://en.wikipedia.org/wiki/Saeed_Namaki,Q61065168,https://www.wikidata.org/wiki/Q61065168
Prosecution of Hamid Ghareh-Hassanlou,https://en.wikipedia.org/wiki/Prosecution_of_Hamid_Ghareh-Hassanlou,Q116158635,https://www.wikidata.org/wiki/Q116158635
Golchin Gilani,https://en.wikipedia.org/wiki/Golchin_Gilani,Q5956165,https://www.wikidata.org/wiki/Q5956165
Hakim Ghulam Imam,https://en.wikipedia.org/wiki/Hakim_Ghulam_Imam,Q5640470,https://www.wikidata.org/wiki/Q5640470
Reza Malekzadeh,https://en.wikipedia.org/wiki/Reza_Malekzadeh,Q7319758,https://www.wikidata.org/wiki/Q7319758
Mehdi Younesi Rostami,https://en.wikipedia.org/wiki/Mehdi_Younesi_Rostami,Q131342091,https://www.wikidata.org/wiki/Q131342091
Avideh Nazeri,https://en.wikipedia.org/wiki/Avideh_Nazeri,Q52637850,https://www.wikidata.org/wiki/Q52637850
Parastoo Bakhshi,https://en.wikipedia.org/wiki/Parastoo_Bakhshi,Q133566122,https://www.wikidata.org/wiki/Q133566122
Shirin Rouhanirad,https://en.wikipedia.org/wiki/Shirin_Rouhanirad,Q97209591,https://www.wikidata.org/wiki/Q97209591
Zahra Sheikhi,https://en.wikipedia.org/wiki/Zahra_Sheikhi,Q86797324,https://www.wikidata.org/wiki/Q86797324
Morteza Dehghani,https://en.wikipedia.org/wiki/Morteza_Dehghani,Q57695455,https://www.wikidata.org/wiki/Q57695455
Ali Fathi-Ashtiani,https://en.wikipedia.org/wiki/Ali_Fathi-Ashtiani,Q38639407,https://www.wikidata.org/wiki/Q38639407
Doreen Granpeesheh,https://en.wikipedia.org/wiki/Doreen_Granpeesheh,Q2498779,https://www.wikidata.org/wiki/Q2498779
Fatemeh Haghighatjoo,https://en.wikipedia.org/wiki/Fatemeh_Haghighatjoo,Q5437443,https://www.wikidata.org/wiki/Q5437443
'Ali ibn al-'Abbas al-Majusi,https://en.wikipedia.org/wiki/%27Ali_ibn_al-%27Abbas_al-Majusi,,
Fathali M. Moghaddam,https://en.wikipedia.org/wiki/Fathali_M._Moghaddam,Q10404183,https://www.wikidata.org/wiki/Q10404183
Hamidreza Pouretemad,https://en.wikipedia.org/wiki/Hamidreza_Pouretemad,Q22279723,https://www.wikidata.org/wiki/Q22279723
Abu Bakr al-Razi,https://en.wikipedia.org/wiki/Abu_Bakr_al-Razi,Q169234,https://www.wikidata.org/wiki/Q169234
Sakineh (Simin) M. Redjali,https://en.wikipedia.org/wiki/Sakineh_%28Simin%29_M._Redjali,,
Ali ibn Sahl Rabban al-Tabari,https://en.wikipedia.org/wiki/Ali_ibn_Sahl_Rabban_al-Tabari,Q1393417,https://www.wikidata.org/wiki/Q1393417
Mostafa Tabrizi,https://en.wikipedia.org/wiki/Mostafa_Tabrizi,Q5670005,https://www.wikidata.org/wiki/Q5670005
Sarvenaz Ahmadi,https://en.wikipedia.org/wiki/Sarvenaz_Ahmadi,Q131741730,https://www.wikidata.org/wiki/Q131741730
Hamid Kahram,https://en.wikipedia.org/wiki/Hamid_Kahram,Q21405631,https://www.wikidata.org/wiki/Q21405631
Ahmad Shimi,https://en.wikipedia.org/wiki/Ahmad_Shimi,Q5888195,https://www.wikidata.org/wiki/Q5888195
Template:Iran-med-bio-stub,https://en.wikipedia.org/wiki/Template%3AIran-med-bio-stub,,
Abu al-Hasan al-Tabari,https://en.wikipedia.org/wiki/Abu_al-Hasan_al-Tabari,Q4116951,https://www.wikidata.org/wiki/Q4116951
Abu al-Qasim al-Habib Neishapuri,https://en.wikipedia.org/wiki/Abu_al-Qasim_al-Habib_Neishapuri,Q6576597,https://www.wikidata.org/wiki/Q6576597
Abu Bakr Rabee Ibn Ahmad Al-Akhawyni Bokhari,https://en.wikipedia.org/wiki/Abu_Bakr_Rabee_Ibn_Ahmad_Al-Akhawyni_Bokhari,Q20987720,https://www.wikidata.org/wiki/Q20987720
Abu Mansur Muwaffaq,https://en.wikipedia.org/wiki/Abu_Mansur_Muwaffaq,Q923759,https://www.wikidata.org/wiki/Q923759
Abu 'Ubayd al-Juzjani,https://en.wikipedia.org/wiki/Abu_%27Ubayd_al-Juzjani,,
Ahmad ibn Farrokh,https://en.wikipedia.org/wiki/Ahmad_ibn_Farrokh,Q4695519,https://www.wikidata.org/wiki/Q4695519
Ahmad ibn 'Imad al-Din,https://en.wikipedia.org/wiki/Ahmad_ibn_%27Imad_al-Din,,
Hakim-e-Gilani,https://en.wikipedia.org/wiki/Hakim-e-Gilani,Q5640464,https://www.wikidata.org/wiki/Q5640464
Al-Khurasani al-Shirazi,https://en.wikipedia.org/wiki/Al-Khurasani_al-Shirazi,Q4702713,https://www.wikidata.org/wiki/Q4702713
Al-Nagawri,https://en.wikipedia.org/wiki/Al-Nagawri,Q10859652,https://www.wikidata.org/wiki/Q10859652
Albubather,https://en.wikipedia.org/wiki/Albubather,Q2695965,https://www.wikidata.org/wiki/Q2695965
Neda Alijani,https://en.wikipedia.org/wiki/Neda_Alijani,Q85164946,https://www.wikidata.org/wiki/Q85164946
Amin al-Din Rashid al-Din Vatvat,https://en.wikipedia.org/wiki/Amin_al-Din_Rashid_al-Din_Vatvat,Q4746330,https://www.wikidata.org/wiki/Q4746330
Muhammad Aqa-Kermani,https://en.wikipedia.org/wiki/Muhammad_Aqa-Kermani,Q16146953,https://www.wikidata.org/wiki/Q16146953
Aqsara'i,https://en.wikipedia.org/wiki/Aqsara%27i,,
Muqim Arzani,https://en.wikipedia.org/wiki/Muqim_Arzani,Q5716849,https://www.wikidata.org/wiki/Q5716849
Abdol Karim Ayadi,https://en.wikipedia.org/wiki/Abdol_Karim_Ayadi,Q5958830,https://www.wikidata.org/wiki/Q5958830
Abul qasim Bakhtiar,https://en.wikipedia.org/wiki/Abul_qasim_Bakhtiar,Q5716296,https://www.wikidata.org/wiki/Q5716296
Behrouz Boroumand,https://en.wikipedia.org/wiki/Behrouz_Boroumand,Q5956315,https://www.wikidata.org/wiki/Q5956315
Yuhanna ibn Bukhtishu,https://en.wikipedia.org/wiki/Yuhanna_ibn_Bukhtishu,Q6898807,https://www.wikidata.org/wiki/Q6898807
Abubakr Esfarayeni,https://en.wikipedia.org/wiki/Abubakr_Esfarayeni,Q4670514,https://www.wikidata.org/wiki/Q4670514
Rostam Gorgani,https://en.wikipedia.org/wiki/Rostam_Gorgani,Q7369954,https://www.wikidata.org/wiki/Q7369954
Hakim Yazghel Haqnazar,https://en.wikipedia.org/wiki/Hakim_Yazghel_Haqnazar,Q108324930,https://www.wikidata.org/wiki/Q108324930
Iraj Harirchi,https://en.wikipedia.org/wiki/Iraj_Harirchi,Q86359645,https://www.wikidata.org/wiki/Q86359645
Jalal al-Din Muhammad al-Isfahani,https://en.wikipedia.org/wiki/Jalal_al-Din_Muhammad_al-Isfahani,Q16866457,https://www.wikidata.org/wiki/Q16866457
Hassan Jawahery,https://en.wikipedia.org/wiki/Hassan_Jawahery,Q5679696,https://www.wikidata.org/wiki/Q5679696
Ali Asghar Khodadoust,https://en.wikipedia.org/wiki/Ali_Asghar_Khodadoust,Q5960467,https://www.wikidata.org/wiki/Q5960467
Sultan Ali Khorasani,https://en.wikipedia.org/wiki/Sultan_Ali_Khorasani,Q7636631,https://www.wikidata.org/wiki/Q7636631
Mahmud ibn Ilyas Shirazi,https://en.wikipedia.org/wiki/Mahmud_ibn_Ilyas_Shirazi,Q6734527,https://www.wikidata.org/wiki/Q6734527
Hossein Malek-Afzali,https://en.wikipedia.org/wiki/Hossein_Malek-Afzali,Q5909082,https://www.wikidata.org/wiki/Q5909082
Alireza Marandi,https://en.wikipedia.org/wiki/Alireza_Marandi,Q4726884,https://www.wikidata.org/wiki/Q4726884
Ibn Marzuban,https://en.wikipedia.org/wiki/Ibn_Marzuban,Q16199772,https://www.wikidata.org/wiki/Q16199772
Masʽud ibn Muhammad Sijzi,https://en.wikipedia.org/wiki/Mas%CA%BDud_ibn_Muhammad_Sijzi,,
Abu Sahl 'Isa ibn Yahya al-Masihi,https://en.wikipedia.org/wiki/Abu_Sahl_%27Isa_ibn_Yahya_al-Masihi,,
Mehrdad Afarid,https://en.wikipedia.org/wiki/Mehrdad_Afarid,Q84572340,https://www.wikidata.org/wiki/Q84572340
Muhammad Abdolrahman,https://en.wikipedia.org/wiki/Muhammad_Abdolrahman,Q16873116,https://www.wikidata.org/wiki/Q16873116
Muhammad Ali Astarabadi,https://en.wikipedia.org/wiki/Muhammad_Ali_Astarabadi,Q6932377,https://www.wikidata.org/wiki/Q6932377
Muhammad ibn Yusuf al-Harawi,https://en.wikipedia.org/wiki/Muhammad_ibn_Yusuf_al-Harawi,Q4116947,https://www.wikidata.org/wiki/Q4116947
Mohammad Mehdi ibn Ali Naqi,https://en.wikipedia.org/wiki/Mohammad_Mehdi_ibn_Ali_Naqi,Q6932602,https://www.wikidata.org/wiki/Q6932602
Najm al-Din Mahmud ibn Ilyas al-Shirazi,https://en.wikipedia.org/wiki/Najm_al-Din_Mahmud_ibn_Ilyas_al-Shirazi,Q6960027,https://www.wikidata.org/wiki/Q6960027
Nakhshabi,https://en.wikipedia.org/wiki/Nakhshabi,Q2031113,https://www.wikidata.org/wiki/Q2031113
Al-Natili,https://en.wikipedia.org/wiki/Al-Natili,Q4703021,https://www.wikidata.org/wiki/Q4703021
Sadegh Nezam-mafi,https://en.wikipedia.org/wiki/Sadegh_Nezam-mafi,Q7397791,https://www.wikidata.org/wiki/Q7397791
Nurbakhshi,https://en.wikipedia.org/wiki/Nurbakhshi,Q7070067,https://www.wikidata.org/wiki/Q7070067
Gholam-Reza Pourmand,https://en.wikipedia.org/wiki/Gholam-Reza_Pourmand,Q5556846,https://www.wikidata.org/wiki/Q5556846
Hossein Ravazadeh,https://en.wikipedia.org/wiki/Hossein_Ravazadeh,Q5951665,https://www.wikidata.org/wiki/Q5951665
Sadid al-Din al-Kazaruni,https://en.wikipedia.org/wiki/Sadid_al-Din_al-Kazaruni,Q4116936,https://www.wikidata.org/wiki/Q4116936
Shapur ibn Sahl,https://en.wikipedia.org/wiki/Shapur_ibn_Sahl,Q325676,https://www.wikidata.org/wiki/Q325676
Mohammad Ali Sahraian,https://en.wikipedia.org/wiki/Mohammad_Ali_Sahraian,Q6891775,https://www.wikidata.org/wiki/Q6891775
Najib ad-Din Samarqandi,https://en.wikipedia.org/wiki/Najib_ad-Din_Samarqandi,Q12194294,https://www.wikidata.org/wiki/Q12194294
Shaykh Muhammad ibn Thaleb,https://en.wikipedia.org/wiki/Shaykh_Muhammad_ibn_Thaleb,Q7491675,https://www.wikidata.org/wiki/Q7491675
ʽImad Shirazi,https://en.wikipedia.org/wiki/%CA%BDImad_Shirazi,,
Qurayshi al-Shirazi,https://en.wikipedia.org/wiki/Qurayshi_al-Shirazi,Q7272930,https://www.wikidata.org/wiki/Q7272930
Abdoulreza Soudbakhsh,https://en.wikipedia.org/wiki/Abdoulreza_Soudbakhsh,Q4665188,https://www.wikidata.org/wiki/Q4665188
Heshmat Taleqani,https://en.wikipedia.org/wiki/Heshmat_Taleqani,Q3943842,https://www.wikidata.org/wiki/Q3943842
Tunakabuni,https://en.wikipedia.org/wiki/Tunakabuni,Q7852802,https://www.wikidata.org/wiki/Q7852802
Parvaneh Vossough,https://en.wikipedia.org/wiki/Parvaneh_Vossough,Q16048346,https://www.wikidata.org/wiki/Q16048346
Alireza Yalda,https://en.wikipedia.org/wiki/Alireza_Yalda,Q5925362,https://www.wikidata.org/wiki/Q5925362
Yazdan Yazdanpanah,https://en.wikipedia.org/wiki/Yazdan_Yazdanpanah,Q88536415,https://www.wikidata.org/wiki/Q88536415
Mohammad-Reza Zarrindast,https://en.wikipedia.org/wiki/Mohammad-Reza_Zarrindast,Q10858140,https://www.wikidata.org/wiki/Q10858140
Muhammad Zarrindast,https://en.wikipedia.org/wiki/Muhammad_Zarrindast,Q6932807,https://www.wikidata.org/wiki/Q6932807
Ancient Iranian medicine,https://en.wikipedia.org/wiki/Ancient_Iranian_medicine,Q3332452,https://www.wikidata.org/wiki/Q3332452
Bimaristan,https://en.wikipedia.org/wiki/Bimaristan,Q1293141,https://www.wikidata.org/wiki/Q1293141
Cupping therapy,https://en.wikipedia.org/wiki/Cupping_therapy,Q461707,https://www.wikidata.org/wiki/Q461707
Iranian traditional medicine,https://en.wikipedia.org/wiki/Iranian_traditional_medicine,Q20707850,https://www.wikidata.org/wiki/Q20707850
Iran Veterinary Organization,https://en.wikipedia.org/wiki/Iran_Veterinary_Organization,Q31432058,https://www.wikidata.org/wiki/Q31432058
Pardis Animal Shelter,https://en.wikipedia.org/wiki/Pardis_Animal_Shelter,Q23777379,https://www.wikidata.org/wiki/Q23777379
Ahvaz Jundishapur University of Medical Sciences,https://en.wikipedia.org/wiki/Ahvaz_Jundishapur_University_of_Medical_Sciences,Q4696433,https://www.wikidata.org/wiki/Q4696433
Shiraz University,https://en.wikipedia.org/wiki/Shiraz_University,Q2001798,https://www.wikidata.org/wiki/Q2001798
Cinnagen,https://en.wikipedia.org/wiki/Cinnagen,Q5121014,https://www.wikidata.org/wiki/Q5121014
List of hospitals in Iran,https://en.wikipedia.org/wiki/List_of_hospitals_in_Iran,Q16151245,https://www.wikidata.org/wiki/Q16151245
Alejalil Hospital,https://en.wikipedia.org/wiki/Alejalil_Hospital,Q97355670,https://www.wikidata.org/wiki/Q97355670
Ayatollah Mousavi Hospital,https://en.wikipedia.org/wiki/Ayatollah_Mousavi_Hospital,Q97191706,https://www.wikidata.org/wiki/Q97191706
Iran International Neuroscience Institute,https://en.wikipedia.org/wiki/Iran_International_Neuroscience_Institute,Q46246401,https://www.wikidata.org/wiki/Q46246401
Iranian National Ion Therapy Center,https://en.wikipedia.org/wiki/Iranian_National_Ion_Therapy_Center,Q136402327,https://www.wikidata.org/wiki/Q136402327
Isfahan Healthcare city,https://en.wikipedia.org/wiki/Isfahan_Healthcare_city,Q101071848,https://www.wikidata.org/wiki/Q101071848
Khalili Hospital,https://en.wikipedia.org/wiki/Khalili_Hospital,Q10320942,https://www.wikidata.org/wiki/Q10320942
Najmieh Hospital,https://en.wikipedia.org/wiki/Najmieh_Hospital,Q5940005,https://www.wikidata.org/wiki/Q5940005
Namazi Hospital,https://en.wikipedia.org/wiki/Namazi_Hospital,Q6961352,https://www.wikidata.org/wiki/Q6961352
Razavi Hospital,https://en.wikipedia.org/wiki/Razavi_Hospital,Q22134324,https://www.wikidata.org/wiki/Q22134324
Razi Hospital Kukherd,https://en.wikipedia.org/wiki/Razi_Hospital_Kukherd,Q12242610,https://www.wikidata.org/wiki/Q12242610
Sayad Shirazi Hospital,https://en.wikipedia.org/wiki/Sayad_Shirazi_Hospital,Q97354476,https://www.wikidata.org/wiki/Q97354476
Shahid Dastgheib Hospital,https://en.wikipedia.org/wiki/Shahid_Dastgheib_Hospital,Q97354440,https://www.wikidata.org/wiki/Q97354440
Sina Hospital,https://en.wikipedia.org/wiki/Sina_Hospital,Q574872,https://www.wikidata.org/wiki/Q574872
Iradj Fazel,https://en.wikipedia.org/wiki/Iradj_Fazel,Q6066374,https://www.wikidata.org/wiki/Q6066374
Iranian Academy of Medical Sciences,https://en.wikipedia.org/wiki/Iranian_Academy_of_Medical_Sciences,Q5950451,https://www.wikidata.org/wiki/Q5950451
Tofy Mussivand,https://en.wikipedia.org/wiki/Tofy_Mussivand,Q10292349,https://www.wikidata.org/wiki/Q10292349
Farrokh Saidi,https://en.wikipedia.org/wiki/Farrokh_Saidi,Q5436325,https://www.wikidata.org/wiki/Q5436325
Ali Akbar Velayati,https://en.wikipedia.org/wiki/Ali_Akbar_Velayati,Q439354,https://www.wikidata.org/wiki/Q439354
Islamic Association of Iranian Medical Society,https://en.wikipedia.org/wiki/Islamic_Association_of_Iranian_Medical_Society,Q24897461,https://www.wikidata.org/wiki/Q24897461
Islamic Association of Physicians of Iran,https://en.wikipedia.org/wiki/Islamic_Association_of_Physicians_of_Iran,Q24897436,https://www.wikidata.org/wiki/Q24897436
Avicenna Research Institute,https://en.wikipedia.org/wiki/Avicenna_Research_Institute,Q4828766,https://www.wikidata.org/wiki/Q4828766
Endocrine & Metabolism Research Institute,https://en.wikipedia.org/wiki/Endocrine_%26_Metabolism_Research_Institute,,
Pasteur Institute of Iran,https://en.wikipedia.org/wiki/Pasteur_Institute_of_Iran,Q17013593,https://www.wikidata.org/wiki/Q17013593
List of medical schools in Iran,https://en.wikipedia.org/wiki/List_of_medical_schools_in_Iran,Q15963276,https://www.wikidata.org/wiki/Q15963276
Alborz University of Medical Sciences,https://en.wikipedia.org/wiki/Alborz_University_of_Medical_Sciences,Q5940463,https://www.wikidata.org/wiki/Q5940463
Abadan University of Medical Sciences,https://en.wikipedia.org/wiki/Abadan_University_of_Medical_Sciences,Q30590249,https://www.wikidata.org/wiki/Q30590249
AJA University of Medical Sciences,https://en.wikipedia.org/wiki/AJA_University_of_Medical_Sciences,Q5913556,https://www.wikidata.org/wiki/Q5913556
Arak University of Medical Sciences,https://en.wikipedia.org/wiki/Arak_University_of_Medical_Sciences,Q4783795,https://www.wikidata.org/wiki/Q4783795
Ardabil University of Medical Sciences,https://en.wikipedia.org/wiki/Ardabil_University_of_Medical_Sciences,Q10854122,https://www.wikidata.org/wiki/Q10854122
Babol University of Medical Sciences,https://en.wikipedia.org/wiki/Babol_University_of_Medical_Sciences,Q4837979,https://www.wikidata.org/wiki/Q4837979
Bam University of Medical Sciences,https://en.wikipedia.org/wiki/Bam_University_of_Medical_Sciences,Q85970179,https://www.wikidata.org/wiki/Q85970179
Baqiyatallah University of Medical Sciences,https://en.wikipedia.org/wiki/Baqiyatallah_University_of_Medical_Sciences,Q4857819,https://www.wikidata.org/wiki/Q4857819
Birjand University of Medical Sciences,https://en.wikipedia.org/wiki/Birjand_University_of_Medical_Sciences,Q4916370,https://www.wikidata.org/wiki/Q4916370
Bushehr University of Medical Sciences,https://en.wikipedia.org/wiki/Bushehr_University_of_Medical_Sciences,Q5001479,https://www.wikidata.org/wiki/Q5001479
Gilan University of Medical Sciences,https://en.wikipedia.org/wiki/Gilan_University_of_Medical_Sciences,Q5560714,https://www.wikidata.org/wiki/Q5560714
Gonabad University of Medical Sciences,https://en.wikipedia.org/wiki/Gonabad_University_of_Medical_Sciences,Q20831481,https://www.wikidata.org/wiki/Q20831481
Hamedan University of Medical Sciences,https://en.wikipedia.org/wiki/Hamedan_University_of_Medical_Sciences,Q6559935,https://www.wikidata.org/wiki/Q6559935
Ilam University of Medical Sciences,https://en.wikipedia.org/wiki/Ilam_University_of_Medical_Sciences,Q5704726,https://www.wikidata.org/wiki/Q5704726
Template:Iran medical universities,https://en.wikipedia.org/wiki/Template%3AIran_medical_universities,,
Iran University of Medical Sciences,https://en.wikipedia.org/wiki/Iran_University_of_Medical_Sciences,Q1526908,https://www.wikidata.org/wiki/Q1526908
Iranshahr University of Medical Sciences,https://en.wikipedia.org/wiki/Iranshahr_University_of_Medical_Sciences,Q27063169,https://www.wikidata.org/wiki/Q27063169
Isfahan University of Medical Sciences,https://en.wikipedia.org/wiki/Isfahan_University_of_Medical_Sciences,Q6079799,https://www.wikidata.org/wiki/Q6079799
"Islamic Azad University, Najafabad Branch",https://en.wikipedia.org/wiki/Islamic_Azad_University%2C_Najafabad_Branch,,
"Islamic Azad University, Tehran Medical Branch",https://en.wikipedia.org/wiki/Islamic_Azad_University%2C_Tehran_Medical_Branch,,
Jahrom University of Medical Sciences,https://en.wikipedia.org/wiki/Jahrom_University_of_Medical_Sciences,Q16047163,https://www.wikidata.org/wiki/Q16047163
Jiroft University of Medical Sciences,https://en.wikipedia.org/wiki/Jiroft_University_of_Medical_Sciences,Q85970184,https://www.wikidata.org/wiki/Q85970184
Kashan University of Medical Sciences,https://en.wikipedia.org/wiki/Kashan_University_of_Medical_Sciences,Q6374203,https://www.wikidata.org/wiki/Q6374203
Kerman University of Medical Sciences,https://en.wikipedia.org/wiki/Kerman_University_of_Medical_Sciences,Q5950750,https://www.wikidata.org/wiki/Q5950750
Kermanshah University of Medical Sciences,https://en.wikipedia.org/wiki/Kermanshah_University_of_Medical_Sciences,Q6393994,https://www.wikidata.org/wiki/Q6393994
Mashhad University of Medical Sciences,https://en.wikipedia.org/wiki/Mashhad_University_of_Medical_Sciences,Q10854129,https://www.wikidata.org/wiki/Q10854129
Mazandaran University of Medical Sciences,https://en.wikipedia.org/wiki/Mazandaran_University_of_Medical_Sciences,Q6555497,https://www.wikidata.org/wiki/Q6555497
Qazvin University of Medical Sciences,https://en.wikipedia.org/wiki/Qazvin_University_of_Medical_Sciences,Q5927506,https://www.wikidata.org/wiki/Q5927506
Qom University of Medical Sciences,https://en.wikipedia.org/wiki/Qom_University_of_Medical_Sciences,Q6555694,https://www.wikidata.org/wiki/Q6555694
Rafsanjan University of Medical Sciences,https://en.wikipedia.org/wiki/Rafsanjan_University_of_Medical_Sciences,Q5946797,https://www.wikidata.org/wiki/Q5946797
Sabzevar University of Medical Sciences,https://en.wikipedia.org/wiki/Sabzevar_University_of_Medical_Sciences,Q10854127,https://www.wikidata.org/wiki/Q10854127
Shahid Beheshti University of Medical Sciences,https://en.wikipedia.org/wiki/Shahid_Beheshti_University_of_Medical_Sciences,Q637387,https://www.wikidata.org/wiki/Q637387
Shahid Sadoughi University of Medical Sciences,https://en.wikipedia.org/wiki/Shahid_Sadoughi_University_of_Medical_Sciences,Q17070306,https://www.wikidata.org/wiki/Q17070306
Shahrekord University of Medical Sciences,https://en.wikipedia.org/wiki/Shahrekord_University_of_Medical_Sciences,Q16053407,https://www.wikidata.org/wiki/Q16053407
Shahroud University of Medical Sciences,https://en.wikipedia.org/wiki/Shahroud_University_of_Medical_Sciences,Q20110175,https://www.wikidata.org/wiki/Q20110175
Shiraz University of Medical Sciences,https://en.wikipedia.org/wiki/Shiraz_University_of_Medical_Sciences,Q10320942,https://www.wikidata.org/wiki/Q10320942
Tabriz University of Medical Sciences,https://en.wikipedia.org/wiki/Tabriz_University_of_Medical_Sciences,Q7673574,https://www.wikidata.org/wiki/Q7673574
Tehran University of Medical Sciences,https://en.wikipedia.org/wiki/Tehran_University_of_Medical_Sciences,Q7694901,https://www.wikidata.org/wiki/Q7694901
Torbat Heydarieh University of Medical Sciences,https://en.wikipedia.org/wiki/Torbat_Heydarieh_University_of_Medical_Sciences,Q16047153,https://www.wikidata.org/wiki/Q16047153
Urmia University of Medical Sciences,https://en.wikipedia.org/wiki/Urmia_University_of_Medical_Sciences,Q10854124,https://www.wikidata.org/wiki/Q10854124
Yasuj University of Medical Sciences,https://en.wikipedia.org/wiki/Yasuj_University_of_Medical_Sciences,Q30174776,https://www.wikidata.org/wiki/Q30174776
Zanjan University of Medical Sciences,https://en.wikipedia.org/wiki/Zanjan_University_of_Medical_Sciences,Q5914596,https://www.wikidata.org/wiki/Q5914596
Akbarieh,https://en.wikipedia.org/wiki/Akbarieh,Q4700479,https://www.wikidata.org/wiki/Q4700479
AryoGen,https://en.wikipedia.org/wiki/AryoGen,Q4802714,https://www.wikidata.org/wiki/Q4802714
Barkat Pharmaceutical Group,https://en.wikipedia.org/wiki/Barkat_Pharmaceutical_Group,Q63922339,https://www.wikidata.org/wiki/Q63922339
Barkat Ventures,https://en.wikipedia.org/wiki/Barkat_Ventures,Q85974146,https://www.wikidata.org/wiki/Q85974146
Behestan Darou,https://en.wikipedia.org/wiki/Behestan_Darou,Q4880779,https://www.wikidata.org/wiki/Q4880779
Cobel Darou,https://en.wikipedia.org/wiki/Cobel_Darou,Q5138856,https://www.wikidata.org/wiki/Q5138856
Darou Pakhsh,https://en.wikipedia.org/wiki/Darou_Pakhsh,Q10843479,https://www.wikidata.org/wiki/Q10843479
Jaber Ebne Hayyan Pharmaceutical Company,https://en.wikipedia.org/wiki/Jaber_Ebne_Hayyan_Pharmaceutical_Company,Q13564794,https://www.wikidata.org/wiki/Q13564794
Loghman Pharmaceuticals,https://en.wikipedia.org/wiki/Loghman_Pharmaceuticals,Q6667397,https://www.wikidata.org/wiki/Q6667397
Mitra Farazandeh,https://en.wikipedia.org/wiki/Mitra_Farazandeh,Q58916342,https://www.wikidata.org/wiki/Q58916342
Fatemeh Hamami,https://en.wikipedia.org/wiki/Fatemeh_Hamami,Q43374161,https://www.wikidata.org/wiki/Q43374161
Ali Saberi,https://en.wikipedia.org/wiki/Ali_Saberi,Q16074190,https://www.wikidata.org/wiki/Q16074190
Elham Youssefian,https://en.wikipedia.org/wiki/Elham_Youssefian,Q123505719,https://www.wikidata.org/wiki/Q123505719
Ghassem Amoabediny,https://en.wikipedia.org/wiki/Ghassem_Amoabediny,Q91934150,https://www.wikidata.org/wiki/Q91934150
Ali Khademhosseini,https://en.wikipedia.org/wiki/Ali_Khademhosseini,Q4724944,https://www.wikidata.org/wiki/Q4724944
Amir Manbachi,https://en.wikipedia.org/wiki/Amir_Manbachi,Q123735239,https://www.wikidata.org/wiki/Q123735239
Saeed Zahedi,https://en.wikipedia.org/wiki/Saeed_Zahedi,Q30501973,https://www.wikidata.org/wiki/Q30501973
Ali Montazeri,https://en.wikipedia.org/wiki/Ali_Montazeri,Q22006979,https://www.wikidata.org/wiki/Q22006979
Mohsen Naghavi,https://en.wikipedia.org/wiki/Mohsen_Naghavi,Q28468982,https://www.wikidata.org/wiki/Q28468982
Naser Kamalian,https://en.wikipedia.org/wiki/Naser_Kamalian,Q6966708,https://www.wikidata.org/wiki/Q6966708
Manouchehr Hakim,https://en.wikipedia.org/wiki/Manouchehr_Hakim,Q110227309,https://www.wikidata.org/wiki/Q110227309
Ali Mobasheri,https://en.wikipedia.org/wiki/Ali_Mobasheri,Q4725023,https://www.wikidata.org/wiki/Q4725023
Ibn Abi Sadiq,https://en.wikipedia.org/wiki/Ibn_Abi_Sadiq,Q4116689,https://www.wikidata.org/wiki/Q4116689
Abbas Adham,https://en.wikipedia.org/wiki/Abbas_Adham,Q14847737,https://www.wikidata.org/wiki/Q14847737
Yahya Adl,https://en.wikipedia.org/wiki/Yahya_Adl,Q6390194,https://www.wikidata.org/wiki/Q6390194
Abass Alavi,https://en.wikipedia.org/wiki/Abass_Alavi,Q4663555,https://www.wikidata.org/wiki/Q4663555
William Cormick,https://en.wikipedia.org/wiki/William_Cormick,Q26243169,https://www.wikidata.org/wiki/Q26243169
Javad Heyat,https://en.wikipedia.org/wiki/Javad_Heyat,Q6414522,https://www.wikidata.org/wiki/Q6414522
Maqsud-Ali Tabrizi,https://en.wikipedia.org/wiki/Maqsud-Ali_Tabrizi,Q16866713,https://www.wikidata.org/wiki/Q16866713
Hamid Ahmadieh,https://en.wikipedia.org/wiki/Hamid_Ahmadieh,Q5644558,https://www.wikidata.org/wiki/Q5644558
Abbas Ardehali,https://en.wikipedia.org/wiki/Abbas_Ardehali,Q30315184,https://www.wikidata.org/wiki/Q30315184
Pejman Azarmina,https://en.wikipedia.org/wiki/Pejman_Azarmina,Q7161002,https://www.wikidata.org/wiki/Q7161002
Kamran Bagheri Lankarani,https://en.wikipedia.org/wiki/Kamran_Bagheri_Lankarani,Q6359580,https://www.wikidata.org/wiki/Q6359580
Zahra Bani Yaghoub,https://en.wikipedia.org/wiki/Zahra_Bani_Yaghoub,Q10322592,https://www.wikidata.org/wiki/Q10322592
Fereydoon Batmanghelidj,https://en.wikipedia.org/wiki/Fereydoon_Batmanghelidj,Q1406204,https://www.wikidata.org/wiki/Q1406204
Mohamadreza Baghaban Eslaminejad,https://en.wikipedia.org/wiki/Mohamadreza_Baghaban_Eslaminejad,Q106554543,https://www.wikidata.org/wiki/Q106554543
Alimorad Farshchian,https://en.wikipedia.org/wiki/Alimorad_Farshchian,Q38222825,https://www.wikidata.org/wiki/Q38222825
Gary Ghahremani,https://en.wikipedia.org/wiki/Gary_Ghahremani,Q99203120,https://www.wikidata.org/wiki/Q99203120
Hossein Gharib,https://en.wikipedia.org/wiki/Hossein_Gharib,Q5909037,https://www.wikidata.org/wiki/Q5909037
Mohammad Gharib,https://en.wikipedia.org/wiki/Mohammad_Gharib,Q3026281,https://www.wikidata.org/wiki/Q3026281
Armen Kocharian,https://en.wikipedia.org/wiki/Armen_Kocharian,Q26709668,https://www.wikidata.org/wiki/Q26709668
Noah McKay,https://en.wikipedia.org/wiki/Noah_McKay,Q5944206,https://www.wikidata.org/wiki/Q5944206
Roxana Mehran,https://en.wikipedia.org/wiki/Roxana_Mehran,Q43249705,https://www.wikidata.org/wiki/Q43249705
Minoo Mohraz,https://en.wikipedia.org/wiki/Minoo_Mohraz,Q5835086,https://www.wikidata.org/wiki/Q5835086
Azarakhsh Mokri,https://en.wikipedia.org/wiki/Azarakhsh_Mokri,Q5946887,https://www.wikidata.org/wiki/Q5946887
Seyed Hossein Mousavian (physician),https://en.wikipedia.org/wiki/Seyed_Hossein_Mousavian_%28physician%29,,
Ali Rıza Öreroğlu,https://en.wikipedia.org/wiki/Ali_R%C4%B1za_%C3%96rero%C4%9Flu,,
Majid Samii,https://en.wikipedia.org/wiki/Majid_Samii,Q106031,https://www.wikidata.org/wiki/Q106031
Nasser Simforoosh,https://en.wikipedia.org/wiki/Nasser_Simforoosh,Q23023713,https://www.wikidata.org/wiki/Q23023713
Abolfazl Soroush,https://en.wikipedia.org/wiki/Abolfazl_Soroush,Q24412617,https://www.wikidata.org/wiki/Q24412617
Shirin Towfigh,https://en.wikipedia.org/wiki/Shirin_Towfigh,Q92540682,https://www.wikidata.org/wiki/Q92540682
List of medieval and pre-modern Iranian doctors,https://en.wikipedia.org/wiki/List_of_medieval_and_pre-modern_Iranian_doctors,Q6627883,https://www.wikidata.org/wiki/Q6627883
Apollonides of Cos,https://en.wikipedia.org/wiki/Apollonides_of_Cos,Q3305044,https://www.wikidata.org/wiki/Q3305044
Ctesias,https://en.wikipedia.org/wiki/Ctesias,Q296325,https://www.wikidata.org/wiki/Q296325
Udjahorresnet,https://en.wikipedia.org/wiki/Udjahorresnet,Q1362919,https://www.wikidata.org/wiki/Q1362919
Sayyed Bozorg Mahmoody,https://en.wikipedia.org/wiki/Sayyed_Bozorg_Mahmoody,Q21095619,https://www.wikidata.org/wiki/Q21095619
Rashid Massumi,https://en.wikipedia.org/wiki/Rashid_Massumi,Q7294912,https://www.wikidata.org/wiki/Q7294912
Mohammad-Reza Zafarghandi,https://en.wikipedia.org/wiki/Mohammad-Reza_Zafarghandi,Q5704843,https://www.wikidata.org/wiki/Q5704843
Iraj Nazeri,https://en.wikipedia.org/wiki/Iraj_Nazeri,Q106935355,https://www.wikidata.org/wiki/Q106935355
Fereydoun Ala,https://en.wikipedia.org/wiki/Fereydoun_Ala,Q21095501,https://www.wikidata.org/wiki/Q21095501
Mina Izadyar,https://en.wikipedia.org/wiki/Mina_Izadyar,Q47028404,https://www.wikidata.org/wiki/Q47028404
Masoud Soleimani,https://en.wikipedia.org/wiki/Masoud_Soleimani,Q78170418,https://www.wikidata.org/wiki/Q78170418
Asghar Aghamohammadi,https://en.wikipedia.org/wiki/Asghar_Aghamohammadi,Q16147881,https://www.wikidata.org/wiki/Q16147881
Masoumeh Ebtekar,https://en.wikipedia.org/wiki/Masoumeh_Ebtekar,Q738196,https://www.wikidata.org/wiki/Q738196
Behrouz Nikbin,https://en.wikipedia.org/wiki/Behrouz_Nikbin,Q4880999,https://www.wikidata.org/wiki/Q4880999
Samuel Rahbar,https://en.wikipedia.org/wiki/Samuel_Rahbar,Q2903346,https://www.wikidata.org/wiki/Q2903346
Nima Rezaei,https://en.wikipedia.org/wiki/Nima_Rezaei,Q26464741,https://www.wikidata.org/wiki/Q26464741
Manouchehr Eghbal,https://en.wikipedia.org/wiki/Manouchehr_Eghbal,Q876117,https://www.wikidata.org/wiki/Q876117
Mehdi Azar,https://en.wikipedia.org/wiki/Mehdi_Azar,Q10858603,https://www.wikidata.org/wiki/Q10858603
Mohammad-Reza Khatami,https://en.wikipedia.org/wiki/Mohammad-Reza_Khatami,Q1942631,https://www.wikidata.org/wiki/Q1942631
Ali Nobakht,https://en.wikipedia.org/wiki/Ali_Nobakht,Q4725097,https://www.wikidata.org/wiki/Q4725097
Morvarid Karimi,https://en.wikipedia.org/wiki/Morvarid_Karimi,Q39058309,https://www.wikidata.org/wiki/Q39058309
Siroos Mirzaei,https://en.wikipedia.org/wiki/Siroos_Mirzaei,Q26465218,https://www.wikidata.org/wiki/Q26465218
Camran Nezhat,https://en.wikipedia.org/wiki/Camran_Nezhat,Q16733313,https://www.wikidata.org/wiki/Q16733313
Jahanshah Saleh,https://en.wikipedia.org/wiki/Jahanshah_Saleh,Q5949996,https://www.wikidata.org/wiki/Q5949996
Marzieh Vahid-Dastjerdi,https://en.wikipedia.org/wiki/Marzieh_Vahid-Dastjerdi,Q461861,https://www.wikidata.org/wiki/Q461861
Azin Alizadehasl,https://en.wikipedia.org/wiki/Azin_Alizadehasl,Q112623398,https://www.wikidata.org/wiki/Q112623398
Abbas Bagheri Lotfabad,https://en.wikipedia.org/wiki/Abbas_Bagheri_Lotfabad,Q133952079,https://www.wikidata.org/wiki/Q133952079
Hassan Ghazizadeh Hashemi,https://en.wikipedia.org/wiki/Hassan_Ghazizadeh_Hashemi,Q15225223,https://www.wikidata.org/wiki/Q15225223
Gholam A. Peyman,https://en.wikipedia.org/wiki/Gholam_A._Peyman,Q5556849,https://www.wikidata.org/wiki/Q5556849
Homa Darabi,https://en.wikipedia.org/wiki/Homa_Darabi,Q165488,https://www.wikidata.org/wiki/Q165488
Hossein Fakhraee,https://en.wikipedia.org/wiki/Hossein_Fakhraee,Q62036512,https://www.wikidata.org/wiki/Q62036512
Jafar Bolhari,https://en.wikipedia.org/wiki/Jafar_Bolhari,Q6121744,https://www.wikidata.org/wiki/Q6121744
Ebrahim Chehrazi,https://en.wikipedia.org/wiki/Ebrahim_Chehrazi,Q5733758,https://www.wikidata.org/wiki/Q5733758
Levon Davidian,https://en.wikipedia.org/wiki/Levon_Davidian,Q446577,https://www.wikidata.org/wiki/Q446577
Hossein Fatemi (psychiatrist),https://en.wikipedia.org/wiki/Hossein_Fatemi_%28psychiatrist%29,,
Nassir Ghaemi,https://en.wikipedia.org/wiki/Nassir_Ghaemi,Q24053569,https://www.wikidata.org/wiki/Q24053569
Hamid Ghodse,https://en.wikipedia.org/wiki/Hamid_Ghodse,Q5644591,https://www.wikidata.org/wiki/Q5644591
Javad Nurbakhsh,https://en.wikipedia.org/wiki/Javad_Nurbakhsh,Q1397263,https://www.wikidata.org/wiki/Q1397263
Nossrat Peseschkian,https://en.wikipedia.org/wiki/Nossrat_Peseschkian,Q71387,https://www.wikidata.org/wiki/Q71387
Gholam-Hossein Sa'edi,https://en.wikipedia.org/wiki/Gholam-Hossein_Sa%27edi,,
Kazem Sami,https://en.wikipedia.org/wiki/Kazem_Sami,Q3194452,https://www.wikidata.org/wiki/Q3194452
Mohammadreza Sargolzaee,https://en.wikipedia.org/wiki/Mohammadreza_Sargolzaee,Q65198460,https://www.wikidata.org/wiki/Q65198460
Bahman Sholevar,https://en.wikipedia.org/wiki/Bahman_Sholevar,Q4842663,https://www.wikidata.org/wiki/Q4842663
Afshin Yadollahi,https://en.wikipedia.org/wiki/Afshin_Yadollahi,Q5940369,https://www.wikidata.org/wiki/Q5940369
Kamiar and Arash Alaei incident,https://en.wikipedia.org/wiki/Kamiar_and_Arash_Alaei_incident,Q6357333,https://www.wikidata.org/wiki/Q6357333
Abolhassan Ziyā-Zarifi,https://en.wikipedia.org/wiki/Abolhassan_Ziy%C4%81-Zarifi,,
Rahmatollah Hafezi,https://en.wikipedia.org/wiki/Rahmatollah_Hafezi,Q16045832,https://www.wikidata.org/wiki/Q16045832
Minoo Lenarz,https://en.wikipedia.org/wiki/Minoo_Lenarz,Q23059458,https://www.wikidata.org/wiki/Q23059458
Aboutorab Naficy,https://en.wikipedia.org/wiki/Aboutorab_Naficy,Q65195616,https://www.wikidata.org/wiki/Q65195616
Younan Nowzaradan,https://en.wikipedia.org/wiki/Younan_Nowzaradan,Q20895340,https://www.wikidata.org/wiki/Q20895340
Sakineh Peri,https://en.wikipedia.org/wiki/Sakineh_Peri,Q115202021,https://www.wikidata.org/wiki/Q115202021
Ali Asqar Peyvandi,https://en.wikipedia.org/wiki/Ali_Asqar_Peyvandi,Q42296457,https://www.wikidata.org/wiki/Q42296457
Masoud Pezeshkian,https://en.wikipedia.org/wiki/Masoud_Pezeshkian,Q5933752,https://www.wikidata.org/wiki/Q5933752
Noraladin Pirmoazzen,https://en.wikipedia.org/wiki/Noraladin_Pirmoazzen,Q5871052,https://www.wikidata.org/wiki/Q5871052
Rahim Rahmanzadeh,https://en.wikipedia.org/wiki/Rahim_Rahmanzadeh,Q2127396,https://www.wikidata.org/wiki/Q2127396
Homa Shaibany,https://en.wikipedia.org/wiki/Homa_Shaibany,Q5887331,https://www.wikidata.org/wiki/Q5887331
Mahdi Balali-Mood,https://en.wikipedia.org/wiki/Mahdi_Balali-Mood,Q5948324,https://www.wikidata.org/wiki/Q5948324
Hamid Reza Rasekh,https://en.wikipedia.org/wiki/Hamid_Reza_Rasekh,Q60474406,https://www.wikidata.org/wiki/Q60474406
Farzaneh Sharifi,https://en.wikipedia.org/wiki/Farzaneh_Sharifi,Q129032570,https://www.wikidata.org/wiki/Q129032570
Al-'Adudi Hospital,https://en.wikipedia.org/wiki/Al-%27Adudi_Hospital,,
Complex of Sultan Bayezid II,https://en.wikipedia.org/wiki/Complex_of_Sultan_Bayezid_II,Q6055477,https://www.wikidata.org/wiki/Q6055477
Divriği Great Mosque and Hospital,https://en.wikipedia.org/wiki/Divri%C4%9Fi_Great_Mosque_and_Hospital,,
Maristan of al-Mu'ayyad,https://en.wikipedia.org/wiki/Maristan_of_al-Mu%27ayyad,,
Maristan of Granada,https://en.wikipedia.org/wiki/Maristan_of_Granada,Q5999398,https://www.wikidata.org/wiki/Q5999398
Maristan of Sidi Frej,https://en.wikipedia.org/wiki/Maristan_of_Sidi_Frej,Q91339911,https://www.wikidata.org/wiki/Q91339911
Muristan,https://en.wikipedia.org/wiki/Muristan,Q1936208,https://www.wikidata.org/wiki/Q1936208
Nur al-Din Bimaristan,https://en.wikipedia.org/wiki/Nur_al-Din_Bimaristan,Q632127,https://www.wikidata.org/wiki/Q632127
Qalawun complex,https://en.wikipedia.org/wiki/Qalawun_complex,Q1237010,https://www.wikidata.org/wiki/Q1237010
The Canon of Medicine,https://en.wikipedia.org/wiki/The_Canon_of_Medicine,Q466060,https://www.wikidata.org/wiki/Q466060
The Complete Book of the Medical Art,https://en.wikipedia.org/wiki/The_Complete_Book_of_the_Medical_Art,Q20988014,https://www.wikidata.org/wiki/Q20988014
Encyclopædia Meysari,https://en.wikipedia.org/wiki/Encyclop%C3%A6dia_Meysari,,
Hidayat al-Mutaʽallemin fi al-Ṭibb,https://en.wikipedia.org/wiki/Hidayat_al-Muta%CA%BDallemin_fi_al-%E1%B9%ACibb,,
Khafi Alayee,https://en.wikipedia.org/wiki/Khafi_Alayee,Q5665045,https://www.wikidata.org/wiki/Q5665045
On the Science of the Pulse,https://en.wikipedia.org/wiki/On_the_Science_of_the_Pulse,Q5950423,https://www.wikidata.org/wiki/Q5950423
Zakhireye Khwarazmshahi,https://en.wikipedia.org/wiki/Zakhireye_Khwarazmshahi,Q8065071,https://www.wikidata.org/wiki/Q8065071
Alavi Shirazi,https://en.wikipedia.org/wiki/Alavi_Shirazi,Q4708882,https://www.wikidata.org/wiki/Q4708882
Zayn-e-Attar,https://en.wikipedia.org/wiki/Zayn-e-Attar,Q8067566,https://www.wikidata.org/wiki/Q8067566
Avicenna,https://en.wikipedia.org/wiki/Avicenna,Q8011,https://www.wikidata.org/wiki/Q8011
Al-Biruni,https://en.wikipedia.org/wiki/Al-Biruni,Q11826,https://www.wikidata.org/wiki/Q11826
Zayn al-Din Gorgani,https://en.wikipedia.org/wiki/Zayn_al-Din_Gorgani,Q2908840,https://www.wikidata.org/wiki/Q2908840
Masawaiyh,https://en.wikipedia.org/wiki/Masawaiyh,Q1291511,https://www.wikidata.org/wiki/Q1291511
Poostchi Subspecialty Eye Hospital and Clinic,https://en.wikipedia.org/wiki/Poostchi_Subspecialty_Eye_Hospital_and_Clinic,Q10320942,https://www.wikidata.org/wiki/Q10320942
Arad General Hospital,https://en.wikipedia.org/wiki/Arad_General_Hospital,Q4783607,https://www.wikidata.org/wiki/Q4783607
Baghiyyatollah al-Azam Military Hospital,https://en.wikipedia.org/wiki/Baghiyyatollah_al-Azam_Military_Hospital,Q5804455,https://www.wikidata.org/wiki/Q5804455
Dr. Sapir Hospital and Charity Center,https://en.wikipedia.org/wiki/Dr._Sapir_Hospital_and_Charity_Center,Q5304373,https://www.wikidata.org/wiki/Q5304373
Imam Khomeini Hospital Complex,https://en.wikipedia.org/wiki/Imam_Khomeini_Hospital_Complex,Q6003087,https://www.wikidata.org/wiki/Q6003087
Mahak Hospital and Rehabilitation Complex,https://en.wikipedia.org/wiki/Mahak_Hospital_and_Rehabilitation_Complex,Q6732851,https://www.wikidata.org/wiki/Q6732851
Milad Hospital,https://en.wikipedia.org/wiki/Milad_Hospital,Q6850378,https://www.wikidata.org/wiki/Q6850378
Noor Eye Hospital,https://en.wikipedia.org/wiki/Noor_Eye_Hospital,Q18354239,https://www.wikidata.org/wiki/Q18354239
Roozbeh Hospital,https://en.wikipedia.org/wiki/Roozbeh_Hospital,Q5944397,https://www.wikidata.org/wiki/Q5944397
"Ruin Tan Arash Hospital, Tehran",https://en.wikipedia.org/wiki/Ruin_Tan_Arash_Hospital%2C_Tehran,,
Sarem Hospital,https://en.wikipedia.org/wiki/Sarem_Hospital,Q96404995,https://www.wikidata.org/wiki/Q96404995
Noor Ophthalmology Complex,https://en.wikipedia.org/wiki/Noor_Ophthalmology_Complex,Q18354245,https://www.wikidata.org/wiki/Q18354245
Abu Hafsa Yazid,https://en.wikipedia.org/wiki/Abu_Hafsa_Yazid,Q4670191,https://www.wikidata.org/wiki/Q4670191
Masarjawaih,https://en.wikipedia.org/wiki/Masarjawaih,Q6782638,https://www.wikidata.org/wiki/Q6782638
Jabril ibn Bukhtishu,https://en.wikipedia.org/wiki/Jabril_ibn_Bukhtishu,Q325062,https://www.wikidata.org/wiki/Q325062
Abu Zayd al-Balkhi,https://en.wikipedia.org/wiki/Abu_Zayd_al-Balkhi,Q335516,https://www.wikidata.org/wiki/Q335516
Baha Al-Dowleh Razi,https://en.wikipedia.org/wiki/Baha_Al-Dowleh_Razi,Q97215106,https://www.wikidata.org/wiki/Q97215106
Abu al-Qasim Muqane'i,https://en.wikipedia.org/wiki/Abu_al-Qasim_Muqane%27i,,
Abu ul-Ala Shirazi,https://en.wikipedia.org/wiki/Abu_ul-Ala_Shirazi,Q4670477,https://www.wikidata.org/wiki/Q4670477
'Ubayd Allah ibn Bakhtishu,https://en.wikipedia.org/wiki/%27Ubayd_Allah_ibn_Bakhtishu,,
Ibn Abi al-Ashʿath,https://en.wikipedia.org/wiki/Ibn_Abi_al-Ash%CA%BFath,,
Ibrahim ibn Baks,https://en.wikipedia.org/wiki/Ibrahim_ibn_Baks,Q5984792,https://www.wikidata.org/wiki/Q5984792
Qumri,https://en.wikipedia.org/wiki/Qumri,Q4116613,https://www.wikidata.org/wiki/Q4116613
Al-Hakim al-Munajjim,https://en.wikipedia.org/wiki/Al-Hakim_al-Munajjim,Q62068754,https://www.wikidata.org/wiki/Q62068754
Ibn Hindu,https://en.wikipedia.org/wiki/Ibn_Hindu,Q17004559,https://www.wikidata.org/wiki/Q17004559
Muhammad ibn Yusuf al-Ilaqi,https://en.wikipedia.org/wiki/Muhammad_ibn_Yusuf_al-Ilaqi,Q117991,https://www.wikidata.org/wiki/Q117991
Sharaf al-Zaman al-Marwazi,https://en.wikipedia.org/wiki/Sharaf_al-Zaman_al-Marwazi,Q7489382,https://www.wikidata.org/wiki/Q7489382
Awḥad al-Dīn al-Rāzī,https://en.wikipedia.org/wiki/Aw%E1%B8%A5ad_al-D%C4%ABn_al-R%C4%81z%C4%AB,,
Sa'd al-Dawla al-Safi ibn Hibatullah,https://en.wikipedia.org/wiki/Sa%27d_al-Dawla_al-Safi_ibn_Hibatullah,,
Rashid al-Din Hamadani,https://en.wikipedia.org/wiki/Rashid_al-Din_Hamadani,Q328782,https://www.wikidata.org/wiki/Q328782
Zakariya al-Qazwini,https://en.wikipedia.org/wiki/Zakariya_al-Qazwini,Q144639,https://www.wikidata.org/wiki/Q144639
Muhammad ibn Mahmud Amuli,https://en.wikipedia.org/wiki/Muhammad_ibn_Mahmud_Amuli,Q3296224,https://www.wikidata.org/wiki/Q3296224
Mansur ibn Ilyas,https://en.wikipedia.org/wiki/Mansur_ibn_Ilyas,Q2387551,https://www.wikidata.org/wiki/Q2387551
Qutb al-Din al-Shirazi,https://en.wikipedia.org/wiki/Qutb_al-Din_al-Shirazi,Q729903,https://www.wikidata.org/wiki/Q729903
Yusuf ibn Ismail al-Kutubi,https://en.wikipedia.org/wiki/Yusuf_ibn_Ismail_al-Kutubi,Q6534413,https://www.wikidata.org/wiki/Q6534413
Abu Zayn Kahhal,https://en.wikipedia.org/wiki/Abu_Zayn_Kahhal,Q30314262,https://www.wikidata.org/wiki/Q30314262
Husayni Isfahani,https://en.wikipedia.org/wiki/Husayni_Isfahani,Q5948984,https://www.wikidata.org/wiki/Q5948984
Burhan-ud-din Kermani,https://en.wikipedia.org/wiki/Burhan-ud-din_Kermani,Q4116945,https://www.wikidata.org/wiki/Q4116945
Hakim Humam,https://en.wikipedia.org/wiki/Hakim_Humam,Q115733344,https://www.wikidata.org/wiki/Q115733344
Masih Kashani,https://en.wikipedia.org/wiki/Masih_Kashani,Q50355912,https://www.wikidata.org/wiki/Q50355912
Shah-Mohammad Qazvini,https://en.wikipedia.org/wiki/Shah-Mohammad_Qazvini,Q31069161,https://www.wikidata.org/wiki/Q31069161
Shifa'i Isfahani,https://en.wikipedia.org/wiki/Shifa%27i_Isfahani,,
Hakim Daud,https://en.wikipedia.org/wiki/Hakim_Daud,Q136435474,https://www.wikidata.org/wiki/Q136435474
Qiwam al-Din Muhammad al-Hasani,https://en.wikipedia.org/wiki/Qiwam_al-Din_Muhammad_al-Hasani,Q7267966,https://www.wikidata.org/wiki/Q7267966
Sati-un-Nissa,https://en.wikipedia.org/wiki/Sati-un-Nissa,Q96039271,https://www.wikidata.org/wiki/Q96039271
Nazem al-Atebba,https://en.wikipedia.org/wiki/Nazem_al-Atebba,Q5960936,https://www.wikidata.org/wiki/Q5960936
Ernest Cloquet,https://en.wikipedia.org/wiki/Ernest_Cloquet,Q26263339,https://www.wikidata.org/wiki/Q26263339
Hajji Baba Afshar,https://en.wikipedia.org/wiki/Hajji_Baba_Afshar,Q6414381,https://www.wikidata.org/wiki/Q6414381
Ebrahim Hakimi,https://en.wikipedia.org/wiki/Ebrahim_Hakimi,Q722455,https://www.wikidata.org/wiki/Q722455
David Khan (diplomat),https://en.wikipedia.org/wiki/David_Khan_%28diplomat%29,,
Mirza Ali Khan La'li,https://en.wikipedia.org/wiki/Mirza_Ali_Khan_La%27li,,
Mirza Mahmud Khan Hakim ol-Molk,https://en.wikipedia.org/wiki/Mirza_Mahmud_Khan_Hakim_ol-Molk,Q11743864,https://www.wikidata.org/wiki/Q11743864
Abdulkhalig Akhundov,https://en.wikipedia.org/wiki/Abdulkhalig_Akhundov,Q16378380,https://www.wikidata.org/wiki/Q16378380
Azar Andami,https://en.wikipedia.org/wiki/Azar_Andami,Q2875087,https://www.wikidata.org/wiki/Q2875087
Seyed Nasser Emadi,https://en.wikipedia.org/wiki/Seyed_Nasser_Emadi,Q111182898,https://www.wikidata.org/wiki/Q111182898
Mohammad Reza Mokhber Dezfouli,https://en.wikipedia.org/wiki/Mohammad_Reza_Mokhber_Dezfouli,Q5921465,https://www.wikidata.org/wiki/Q5921465
Jamaluddin Mostaghimi,https://en.wikipedia.org/wiki/Jamaluddin_Mostaghimi,Q5953767,https://www.wikidata.org/wiki/Q5953767
Yasamin Mostofi,https://en.wikipedia.org/wiki/Yasamin_Mostofi,Q78702638,https://www.wikidata.org/wiki/Q78702638
Alireza Noori,https://en.wikipedia.org/wiki/Alireza_Noori,Q4726891,https://www.wikidata.org/wiki/Q4726891
Farrokhroo Parsa,https://en.wikipedia.org/wiki/Farrokhroo_Parsa,Q2986892,https://www.wikidata.org/wiki/Q2986892
Saba Valadkhan,https://en.wikipedia.org/wiki/Saba_Valadkhan,Q4795299,https://www.wikidata.org/wiki/Q4795299
Ahmad Reza Djalali,https://en.wikipedia.org/wiki/Ahmad_Reza_Djalali,Q31066897,https://www.wikidata.org/wiki/Q31066897
Omid Cameron Farokhzad,https://en.wikipedia.org/wiki/Omid_Cameron_Farokhzad,Q64009055,https://www.wikidata.org/wiki/Q64009055
Maryam Lustberg,https://en.wikipedia.org/wiki/Maryam_Lustberg,Q92301825,https://www.wikidata.org/wiki/Q92301825
Hassan Tarighat Monfared,https://en.wikipedia.org/wiki/Hassan_Tarighat_Monfared,Q5915596,https://www.wikidata.org/wiki/Q5915596
Masoumeh Pashaei Bahram,https://en.wikipedia.org/wiki/Masoumeh_Pashaei_Bahram,Q86653695,https://www.wikidata.org/wiki/Q86653695
Akram Pedramnia,https://en.wikipedia.org/wiki/Akram_Pedramnia,Q56367355,https://www.wikidata.org/wiki/Q56367355
Mohammad Reza Ameli Tehrani,https://en.wikipedia.org/wiki/Mohammad_Reza_Ameli_Tehrani,Q6892323,https://www.wikidata.org/wiki/Q6892323
Hassan Farsam,https://en.wikipedia.org/wiki/Hassan_Farsam,Q5679659,https://www.wikidata.org/wiki/Q5679659
Nasrollah Moghtader Mojdehi,https://en.wikipedia.org/wiki/Nasrollah_Moghtader_Mojdehi,Q18763746,https://www.wikidata.org/wiki/Q18763746
Borzuya,https://en.wikipedia.org/wiki/Borzuya,Q1017211,https://www.wikidata.org/wiki/Q1017211
Gabriel of Sinjar,https://en.wikipedia.org/wiki/Gabriel_of_Sinjar,Q1489905,https://www.wikidata.org/wiki/Q1489905
Aida Rostami,https://en.wikipedia.org/wiki/Aida_Rostami,Q115787019,https://www.wikidata.org/wiki/Q115787019
Iradj Gandjbaksh,https://en.wikipedia.org/wiki/Iradj_Gandjbaksh,Q17485957,https://www.wikidata.org/wiki/Q17485957
Nasrin Moazami,https://en.wikipedia.org/wiki/Nasrin_Moazami,Q5854956,https://www.wikidata.org/wiki/Q5854956
Abbas Rezayi,https://en.wikipedia.org/wiki/Abbas_Rezayi,Q61063876,https://www.wikidata.org/wiki/Q61063876
